Price,Adj Close,Close,High,Low,Open,Volume,MA20,MA50,Daily_Return,Volatility
Ticker,^NSEI,^NSEI,^NSEI,^NSEI,^NSEI,^NSEI,,,,
Date,,,,,,,,,,
2020-01-01,12182.5,12182.5,12222.2001953125,12165.2998046875,12202.150390625,304100,,,,
2020-01-02,12282.2001953125,12282.2001953125,12289.900390625,12195.25,12198.5498046875,407700,,,0.008183886337984836,
2020-01-03,12226.650390625,12226.650390625,12265.599609375,12191.349609375,12261.099609375,428800,,,-0.004522789386603554,
2020-01-06,11993.0498046875,11993.0498046875,12179.099609375,11974.2001953125,12170.599609375,396500,,,-0.019105853072941215,
2020-01-07,12052.9501953125,12052.9501953125,12152.150390625,12005.349609375,12079.099609375,447800,,,0.004994592001242859,
2020-01-08,12025.349609375,12025.349609375,12044.9501953125,11929.599609375,11939.099609375,446000,,,-0.0022899444111396106,
2020-01-09,12215.900390625,12215.900390625,12224.0498046875,12132.5498046875,12153.150390625,477500,,,0.015845758122611686,
2020-01-10,12256.7998046875,12256.7998046875,12311.2001953125,12213.2001953125,12271.0,660600,,,0.0033480474426501594,
2020-01-13,12329.5498046875,12329.5498046875,12337.75,12285.7998046875,12296.7001953125,501000,,,0.0059354808073293075,
2020-01-14,12362.2998046875,12362.2998046875,12374.25,12308.7001953125,12333.099609375,616300,,,0.0026562202609821117,
2020-01-15,12343.2998046875,12343.2998046875,12355.150390625,12278.75,12349.400390625,684400,,,-0.0015369308543056182,
2020-01-16,12355.5,12355.5,12389.0498046875,12315.7998046875,12347.099609375,395700,,,0.000988406301843714,
2020-01-17,12352.349609375,12352.349609375,12385.4501953125,12321.400390625,12328.400390625,502100,,,-0.000254978804985595,
2020-01-20,12224.5498046875,12224.5498046875,12430.5,12216.900390625,12430.5,491600,,,-0.010346193941151438,
2020-01-21,12169.849609375,12169.849609375,12230.0498046875,12162.2998046875,12195.2998046875,400,,,-0.004474618385662321,
2020-01-22,12106.900390625,12106.900390625,12225.0498046875,12087.900390625,12218.349609375,500,,,-0.005172555189302153,
2020-01-23,12180.349609375,12180.349609375,12189.0,12094.099609375,12123.75,867700,,,0.0060667236352978104,
2020-01-24,12248.25,12248.25,12272.150390625,12149.650390625,12174.5498046875,593200,,,0.005574584704263197,
2020-01-27,12119.0,12119.0,12216.599609375,12107.0,12197.099609375,441200,,,-0.010552527912150667,
2020-01-28,12055.7998046875,12055.7998046875,12163.5498046875,12024.5,12148.099609375,478500,12204.154931640625,,-0.005214967844912932,
2020-01-29,12129.5,12129.5,12169.599609375,12103.7998046875,12114.900390625,514400,12201.504931640626,,0.006113256399948197,0.007905892413645137
2020-01-30,12035.7998046875,12035.7998046875,12150.2998046875,12010.599609375,12147.75,538100,12189.184912109375,,-0.0077249841553650445,0.007819057681880756
2020-01-31,11962.099609375,11962.099609375,12103.5498046875,11945.849609375,12100.400390625,771300,12175.957373046875,,-0.006123414854723341,0.007865243760354928
2020-02-03,11707.900390625,11707.900390625,11749.849609375,11614.5,11627.4501953125,669800,12161.69990234375,,-0.021250384719316173,0.00813417789957122
2020-02-04,11979.650390625,11979.650390625,11986.150390625,11783.400390625,11786.25,560400,12158.034912109375,,0.02321082268667074,0.009725161328146695
2020-02-05,12089.150390625,12089.150390625,12098.150390625,11953.349609375,12005.849609375,758000,12161.224951171875,,0.009140500467834434,0.009933237642139305
2020-02-06,12137.9501953125,12137.9501953125,12160.599609375,12084.650390625,12120.0,565100,12157.32744140625,,0.004036661230167438,0.00929148968247023
2020-02-07,12098.349609375,12098.349609375,12154.7001953125,12073.9501953125,12151.150390625,473500,12149.404931640625,,-0.0032625431230384194,0.009273233488187755
2020-02-10,12031.5,12031.5,12103.5498046875,11990.75,12102.349609375,524700,12134.50244140625,,-0.005525514763038308,0.009201331080643487
2020-02-11,12107.900390625,12107.900390625,12172.2998046875,12099.0,12108.400390625,480000,12121.782470703125,,0.006350030388978967,0.009318762368360205
2020-02-12,12201.2001953125,12201.2001953125,12231.75,12144.2998046875,12151.0,411700,12114.677490234375,,0.0077056964194832656,0.009517680552864224
2020-02-13,12174.650390625,12174.650390625,12225.650390625,12139.7998046875,12219.5498046875,501200,12105.635009765625,,-0.0021759994314084485,0.009517311082834021
2020-02-14,12113.4501953125,12113.4501953125,12246.7001953125,12091.2001953125,12190.150390625,622800,12093.6900390625,,-0.005026854435148831,0.009565417834132183
2020-02-17,12045.7998046875,12045.7998046875,12159.599609375,12037.0,12131.7998046875,0,12084.7525390625,,-0.00558473346026378,0.009376174460333706
2020-02-18,11992.5,11992.5,12030.75,11908.0498046875,12028.25,676900,12075.88505859375,,-0.004424762618648104,0.009375123147867953
2020-02-19,12125.900390625,12125.900390625,12134.7001953125,12042.099609375,12090.599609375,513600,12076.83505859375,,0.011123651500938081,0.00966878659406228
2020-02-20,12080.849609375,12080.849609375,12152.0,12071.4501953125,12119.0,502600,12071.86005859375,,-0.003715252459506435,0.009599447824567887
2020-02-24,11829.400390625,11829.400390625,12012.5498046875,11813.400390625,12012.5498046875,490800,12050.917578125,,-0.02081386879900149,0.01051021574435756
2020-02-25,11797.900390625,11797.900390625,11883.0498046875,11779.900390625,11877.5,461000,12034.86259765625,,-0.002662856861702312,0.010305978990686394
2020-02-26,11678.5,11678.5,11783.25,11639.599609375,11738.5498046875,567600,12015.997607421876,,-0.010120477938589723,0.01046147595669257
2020-02-27,11633.2998046875,11633.2998046875,11663.849609375,11536.7001953125,11661.25,608600,11991.18759765625,,-0.003870376787472707,0.010314401375883762
2020-02-28,11201.75,11201.75,11384.7998046875,11175.0498046875,11382.0,809900,11949.485107421875,,-0.03709607866493836,0.012927078543820006
2020-03-02,11132.75,11132.75,11433.0,11036.25,11387.349609375,680800,11908.017626953126,,-0.006159751824491688,0.012927468573221065
2020-03-03,11303.2998046875,11303.2998046875,11342.25,11152.5498046875,11217.5498046875,696500,11887.78759765625,,0.015319647408546855,0.012871736753802463
2020-03-04,11251.0,11251.0,11356.599609375,11082.150390625,11351.349609375,797700,11851.355078125,,-0.004626950146523701,0.0114672723475735
2020-03-05,11269.0,11269.0,11389.5,11244.599609375,11306.0498046875,1352500,11810.34755859375,,0.0015998577904186018,0.011164662811458616
2020-03-06,10989.4501953125,10989.4501953125,11035.099609375,10827.400390625,10942.650390625,1811000,11752.92255859375,,-0.024806975302821943,0.011980284853622727
2020-03-09,10451.4501953125,10451.4501953125,10751.5498046875,10294.4501953125,10742.0498046875,1565500,11670.577587890624,,-0.048956043335951605,0.015495174674867739
2020-03-11,10458.400390625,10458.400390625,10545.099609375,10334.0,10334.2998046875,1218500,11591.922607421875,,0.0006649981756232659,0.015591355439199686
2020-03-12,9590.150390625,9590.150390625,10040.75,9508.0,10039.9501953125,1343500,11466.035107421874,11873.67203125,-0.08301938801064712,0.02276242369227695
2020-03-13,9955.2001953125,9955.2001953125,10159.400390625,8555.150390625,9107.599609375,1388000,11353.735107421875,11829.12603515625,0.03806507612689369,0.025001055928564293
2020-03-16,9197.400390625,9197.400390625,9602.2001953125,9165.099609375,9587.7998046875,897700,11204.872607421876,11767.4300390625,-0.07612100106679087,0.02896534820661129
2020-03-17,8967.0498046875,8967.0498046875,9403.7998046875,8915.599609375,9285.400390625,935600,11047.552587890625,11702.23802734375,-0.02504518409052825,0.02900256997211394
2020-03-18,8468.7998046875,8468.7998046875,9127.5498046875,8407.0498046875,9088.4501953125,1516600,10868.702587890624,11631.75302734375,-0.05556454027271507,0.030316311246758654
2020-03-19,8263.4501953125,8263.4501953125,8575.4501953125,7832.5498046875,8063.2998046875,925700,10682.25009765625,11555.96302734375,-0.024247781753128472,0.03020699246904118
2020-03-20,8745.4501953125,8745.4501953125,8883.0,8178.2001953125,8284.4501953125,1071500,10513.227587890626,11490.3650390625,0.058329146858465686,0.034184923360535364
2020-03-23,7610.25,7610.25,8159.25,7583.60009765625,7945.7001953125,653500,10289.697607421875,11398.25203125,-0.12980466070471242,0.04248802382658023
2020-03-24,7801.0498046875,7801.0498046875,8036.9501953125,7511.10009765625,7848.2998046875,738400,10088.280078125,11309.13703125,0.02507142402516349,0.04377188090785607
2020-03-25,8317.849609375,8317.849609375,8376.75,7714.75,7735.14990234375,736900,9914.2775390625,11228.90302734375,0.06624746894667499,0.047714232596260064
2020-03-26,8641.4501953125,8641.4501953125,8749.0498046875,8304.900390625,8451.0,865600,9762.425048828125,11154.48603515625,0.038904356430389475,0.049277070459334
2020-03-27,8660.25,8660.25,9038.900390625,8522.900390625,8949.099609375,801500,9613.77255859375,11080.8250390625,0.0021755381634551707,0.04935938162541741
2020-03-30,8281.099609375,8281.099609375,8576.0,8244.0,8385.9501953125,593300,9467.7400390625,10999.33703125,-0.04378053643081892,0.04955015825885136
2020-03-31,8597.75,8597.75,8678.2998046875,8358.0,8529.349609375,712700,9340.9900390625,10924.2450390625,0.03823772271336057,0.05088638194480948
2020-04-01,8253.7998046875,8253.7998046875,8588.099609375,8198.349609375,8584.099609375,506300,9188.5150390625,10844.8300390625,-0.04000467509668226,0.050851551439109466
2020-04-03,8083.7998046875,8083.7998046875,8356.5498046875,8055.7998046875,8356.5498046875,697000,9030.155029296875,10763.10904296875,-0.020596574186770744,0.05081647243130155
2020-04-07,8792.2001953125,8792.2001953125,8819.400390625,8360.9501953125,8446.2998046875,814200,8906.3150390625,10696.8150390625,0.08763210467115035,0.05571284155767431
2020-04-08,8748.75,8748.75,9131.7001953125,8653.900390625,8688.900390625,896500,8794.280029296875,10628.183046875,-0.004941902407507137,0.05562757511844819
2020-04-09,9111.900390625,9111.900390625,9128.349609375,8904.5498046875,8973.0498046875,742100,8727.3025390625,10565.4560546875,0.04150883161880259,0.0559563486279583
2020-04-13,8993.849609375,8993.849609375,9112.0498046875,8912.400390625,9103.9501953125,644000,8654.075,10502.953046875,-0.01295567073707915,0.05596263021053423
2020-04-15,8925.2998046875,8925.2998046875,9261.2001953125,8874.099609375,9196.400390625,879100,8620.832470703124,10440.343046875,-0.007621853562688519,0.05295988142075189
2020-04-16,8992.7998046875,8992.7998046875,9053.75,8821.900390625,8851.25,719400,8572.712451171876,10377.60904296875,0.007562771164790316,0.0521718736943639
2020-04-17,9266.75,9266.75,9324.0,9091.349609375,9323.4501953125,684200,8576.179931640625,10322.228046875,0.03046328187687486,0.049779154444841114
2020-04-20,9261.849609375,9261.849609375,9390.849609375,9230.7998046875,9390.2001953125,726400,8590.919921875,10268.223046875,-0.0005288143766692954,0.04938937107273754
2020-04-21,8981.4501953125,8981.4501953125,9044.400390625,8909.400390625,9016.9501953125,655100,8616.55244140625,10213.69404296875,-0.030274667144095657,0.04812385780507544
2020-04-22,9187.2998046875,9187.2998046875,9209.75,8946.25,9026.75,734400,8662.744921875,10157.84703125,0.02291941778872575,0.0478179057934152
2020-04-23,9313.900390625,9313.900390625,9343.599609375,9170.150390625,9232.349609375,666700,8691.167431640624,10102.34203125,0.01377995587701486,0.04628601234472475
2020-04-24,9154.400390625,9154.400390625,9296.900390625,9141.2998046875,9163.900390625,659400,8768.374951171874,10042.67103515625,-0.017124941572334906,0.03446450878950629
2020-04-27,9282.2998046875,9282.2998046875,9377.099609375,9250.349609375,9259.7001953125,512800,8842.437451171874,9986.3500390625,0.013971358975458648,0.03429517038729056
2020-04-28,9380.900390625,9380.900390625,9404.400390625,9260.0,9389.7998046875,614500,8895.589990234375,9933.338046875,0.010622430648890235,0.03158003087950206
2020-04-29,9553.349609375,9553.349609375,9599.849609375,9392.349609375,9408.599609375,653000,8941.1849609375,9882.24703125,0.018383013524196468,0.030795308631539477
2020-04-30,9859.900390625,9859.900390625,9889.0498046875,9731.5,9753.5,931200,9001.16748046875,9835.42103515625,0.03208830345213909,0.031348240463701736
2020-05-04,9293.5,9293.5,9533.5,9266.9501953125,9533.5,687500,9051.7875,9777.79802734375,-0.05744483901313502,0.03263495680742597
2020-05-05,9205.599609375,9205.599609375,9450.900390625,9190.75,9429.400390625,725200,9082.17998046875,9719.641015625,-0.009458265521601117,0.03191170238985938
2020-05-06,9270.900390625,9270.900390625,9346.900390625,9116.5,9226.7998046875,722200,9133.035009765625,9664.14302734375,0.007093593467121684,0.030192838198739035
2020-05-07,9199.0498046875,9199.0498046875,9277.849609375,9175.900390625,9234.0498046875,708700,9188.797509765625,9608.2740234375,-0.007750119504051356,0.02972457402437106
2020-05-08,9251.5,9251.5,9382.650390625,9238.2001953125,9376.9501953125,609100,9211.7625,9550.786015625,0.0057016970693835045,0.022866853256344622
2020-05-11,9239.2001953125,9239.2001953125,9439.900390625,9219.9501953125,9348.150390625,704600,9236.285009765625,9493.95302734375,-0.0013294930214019507,0.022816697581889523
2020-05-12,9196.5498046875,9196.5498046875,9240.849609375,9043.9501953125,9168.849609375,805500,9240.51748046875,9441.296015625,-0.004616242718351149,0.020974063719521055
2020-05-13,9383.5498046875,9383.5498046875,9584.5,9351.099609375,9584.2001953125,846400,9260.002490234376,9393.00900390625,0.02033371253039773,0.02115561366114365
2020-05-14,9142.75,9142.75,9281.099609375,9119.75,9213.9501953125,602600,9270.875,9342.29400390625,-0.025661909373274727,0.021971491625335026
2020-05-15,9136.849609375,9136.849609375,9182.400390625,9050.0,9182.400390625,575900,9278.077490234375,9292.365,-0.0006453627874545287,0.02192765247967526
2020-05-18,8823.25,8823.25,9158.2998046875,8806.75,9158.2998046875,773000,9255.902490234375,9244.795,-0.034322509703259896,0.022134438786511338
2020-05-19,8879.099609375,8879.099609375,9030.349609375,8855.2998046875,8961.7001953125,762200,9236.764990234375,9199.7219921875,0.00632982284022332,0.022214893117319643
2020-05-20,9066.5498046875,9066.5498046875,9093.7998046875,8875.349609375,8889.150390625,622300,9241.019970703124,9154.9869921875,0.021111396826158035,0.02172295302469004
2020-05-21,9106.25,9106.25,9178.5498046875,9056.099609375,9079.4501953125,631500,9236.96748046875,9112.0919921875,0.004378754451001221,0.021111801116359522
2020-05-22,9039.25,9039.25,9149.599609375,8968.5498046875,9067.900390625,675800,9223.2349609375,9067.4969921875,-0.0073575840768702605,0.02090167947934838
2020-05-26,9029.0498046875,9029.0498046875,9161.650390625,8996.650390625,9099.75,655000,9216.967431640625,9028.288984375,-0.0011284338094974533,0.02056702232831143
2020-05-27,9314.9501953125,9314.9501953125,9334.0,9004.25,9082.2001953125,763500,9218.599951171875,9005.558984375,0.03166450477176164,0.02157727716719517
2020-05-28,9490.099609375,9490.099609375,9511.25,9336.5,9364.9501953125,837900,9224.059912109375,8986.19296875,0.018803043536468778,0.021856990776987373
2020-05-29,9580.2998046875,9580.2998046875,9598.849609375,9376.900390625,9422.2001953125,967000,9225.407421875,8985.99595703125,0.009504662651105722,0.021569537573251443
2020-06-01,9826.150390625,9826.150390625,9931.599609375,9706.9501953125,9726.849609375,794200,9223.719921875,8983.4149609375,0.025662097319460564,0.021115174177880707
2020-06-02,9979.099609375,9979.099609375,9995.599609375,9824.0498046875,9880.849609375,770200,9257.99990234375,8999.0489453125,0.015565527970742954,0.01644875669332925
2020-06-03,10061.5498046875,10061.5498046875,10176.2001953125,10035.5498046875,10108.2998046875,794700,9300.797412109376,9020.9389453125,0.008262288035990828,0.01617805298039147
2020-06-04,10029.099609375,10029.099609375,10123.849609375,9944.25,10054.25,775100,9338.707373046875,9052.14494140625,-0.003225168681009971,0.01625801285638575
2020-06-05,10142.150390625,10142.150390625,10177.7998046875,10040.75,10093.7998046875,987100,9385.86240234375,9089.7189453125,0.011272276241460544,0.016086000135287697
2020-06-08,10167.4501953125,10167.4501953125,10328.5,10120.25,10326.75,936500,9431.659912109375,9118.1589453125,0.002494520758722585,0.01609477940575272
2020-06-09,10046.650390625,10046.650390625,10291.150390625,10021.4501953125,10181.150390625,754200,9472.032421875,9166.886953125,-0.011881032349997822,0.016476573979431676
2020-06-10,10116.150390625,10116.150390625,10148.75,10036.849609375,10072.599609375,632400,9518.012451171875,9213.18896484375,0.006917728526201428,0.016348420070634008
2020-06-11,9902.0,9902.0,10112.0498046875,9885.0498046875,10094.099609375,715500,9543.9349609375,9244.87197265625,-0.021169158460066062,0.01691114266454294
2020-06-12,9972.900390625,9972.900390625,9996.0498046875,9544.349609375,9544.9501953125,796300,9585.44248046875,9271.5009765625,0.00716020911179549,0.015537604547485383
2020-06-15,9813.7001953125,9813.7001953125,9943.349609375,9726.349609375,9919.349609375,716100,9619.285009765625,9294.56998046875,-0.015963279394844432,0.01616777543245586
2020-06-16,9914.0,9914.0,10046.150390625,9728.5,10014.7998046875,899900,9673.822509765625,9327.22798828125,0.010220386061458031,0.013502023513845442
2020-06-17,9881.150390625,9881.150390625,10003.599609375,9833.7998046875,9876.7001953125,685400,9723.925048828125,9352.89599609375,-0.0033134566648174157,0.013658315162944645
2020-06-18,10091.650390625,10091.650390625,10111.2001953125,9845.0498046875,9863.25,622900,9775.180078125,9389.6530078125,0.021303187551898528,0.013669952935424121
2020-06-19,10244.400390625,10244.400390625,10272.400390625,10072.650390625,10119.0,892100,9832.08759765625,9432.86501953125,0.015136275444292302,0.013835862575979298
2020-06-22,10311.2001953125,10311.2001953125,10393.650390625,10277.599609375,10318.75,685400,9895.685107421876,9463.24501953125,0.006520616350433883,0.013474157791837965
2020-06-23,10471.0,10471.0,10484.7001953125,10301.75,10347.9501953125,669200,9967.7826171875,9497.69001953125,0.015497691991291696,0.013479263735954997
2020-06-24,10305.2998046875,10305.2998046875,10553.150390625,10281.9501953125,10529.25,854800,10017.30009765625,9521.5580078125,-0.015824677233549855,0.01318199036274892
2020-06-25,10288.900390625,10288.900390625,10361.7998046875,10194.5,10235.5498046875,994200,10057.24013671875,9547.4590234375,-0.001591357298992957,0.012854778976762626
2020-06-26,10383.0,10383.0,10409.849609375,10311.25,10378.900390625,671900,10097.375146484375,9576.61302734375,0.00914574014738645,0.012847125214484112
2020-06-29,10312.400390625,10312.400390625,10337.9501953125,10223.599609375,10311.9501953125,574500,10121.687646484375,9603.0050390625,-0.006799538608783573,0.012003793325004519
2020-06-30,10302.099609375,10302.099609375,10401.0498046875,10267.349609375,10382.599609375,556200,10137.837646484375,9623.71203125,-0.0009988732845714887,0.011619167224301128
2020-07-01,10430.0498046875,10430.0498046875,10447.0498046875,10299.599609375,10323.7998046875,573600,10156.262646484374,9647.07603515625,0.012419817334717198,0.011779620921121857
2020-07-02,10551.7001953125,10551.7001953125,10598.2001953125,10485.5498046875,10493.0498046875,597400,10182.39267578125,9678.48103515625,0.011663452514898642,0.011910662178286855
2020-07-03,10607.349609375,10607.349609375,10631.2998046875,10562.650390625,10614.9501953125,525200,10205.65263671875,9706.88203125,0.005273976044848361,0.011755586960329674
2020-07-06,10763.650390625,10763.650390625,10811.400390625,10695.099609375,10723.849609375,571200,10235.462646484375,9735.87703125,0.014735139974255018,0.012079835568532826
2020-07-07,10799.650390625,10799.650390625,10813.7998046875,10689.7001953125,10802.849609375,636800,10273.112646484375,9768.78203125,0.003344590235981215,0.011566658970319412
2020-07-08,10705.75,10705.75,10847.849609375,10676.5498046875,10818.650390625,767900,10302.592626953125,9797.25103515625,-0.00869476207364206,0.011860041856590838
2020-07-09,10813.4501953125,10813.4501953125,10836.849609375,10733.0,10755.5498046875,618700,10348.16513671875,9825.90203125,0.010060032721901813,0.010501939106827316
2020-07-10,10768.0498046875,10768.0498046875,10819.400390625,10713.0,10764.099609375,590700,10387.922607421875,9850.19603515625,-0.004198511095439339,0.01065452593715277
2020-07-13,10802.7001953125,10802.7001953125,10894.0498046875,10756.0498046875,10851.849609375,554100,10437.372607421876,9869.05203125,0.003217889149241815,0.009582058279246096
2020-07-14,10607.349609375,10607.349609375,10755.650390625,10562.900390625,10750.849609375,532400,10472.040087890626,9895.3290234375,-0.01808349601540049,0.010765154778394981
2020-07-15,10618.2001953125,10618.2001953125,10827.4501953125,10577.75,10701.0,715900,10508.892578125,9923.58103515625,0.0010229309240368245,0.010665165793873338
2020-07-16,10739.9501953125,10739.9501953125,10755.2998046875,10595.2001953125,10706.2001953125,694400,10541.307568359374,9952.96203125,0.011466161662100571,0.010015609247576648
2020-07-17,10901.7001953125,10901.7001953125,10933.4501953125,10749.650390625,10752.0,676900,10574.17255859375,9987.0150390625,0.01506059125586967,0.010010861500599055
2020-07-20,11022.2001953125,11022.2001953125,11037.900390625,10953.0,10999.4501953125,554300,10609.72255859375,10022.42904296875,0.011053321760931656,0.0101413592153732
2020-07-21,11162.25,11162.25,11179.5498046875,11113.25,11126.099609375,772000,10644.28505859375,10060.8900390625,0.012706156865764484,0.009983915398137274
2020-07-22,11132.599609375,11132.599609375,11238.099609375,11056.5498046875,11231.2001953125,765100,10685.650048828125,10099.61103515625,-0.0026563094918139463,0.009050419739466013
2020-07-23,11215.4501953125,11215.4501953125,11239.7998046875,11103.150390625,11135.0,621600,10731.9775390625,10136.24904296875,0.007442159858846331,0.0089867468841138
2020-07-24,11194.150390625,11194.150390625,11225.400390625,11090.2998046875,11149.9501953125,678900,10772.53505859375,10177.27705078125,-0.0018991484351116306,0.009016427560173368
2020-07-27,11131.7998046875,11131.7998046875,11225.0,11087.849609375,11225.0,588100,10813.505029296875,10217.1760546875,-0.005569925698846956,0.00894420239521585
2020-07-28,11300.5498046875,11300.5498046875,11317.75,11151.400390625,11154.099609375,683900,10863.4275390625,10266.72205078125,0.0151592736988444,0.009207320030805637
2020-07-29,11202.849609375,11202.849609375,11341.400390625,11149.75,11276.900390625,600700,10902.067529296875,10313.19705078125,-0.008645614328603224,0.009475836916398521
2020-07-30,11102.150390625,11102.150390625,11299.9501953125,11084.9501953125,11254.2998046875,677800,10929.5900390625,10353.9090625,-0.008988714680747911,0.009676653327608153
2020-07-31,11073.4501953125,11073.4501953125,11150.400390625,11026.650390625,11139.5,642600,10952.895068359376,10393.25306640625,-0.002585102372305803,0.009721406079943842
2020-08-03,10891.599609375,10891.599609375,11058.0498046875,10882.25,11057.5498046875,680900,10959.292529296876,10430.30005859375,-0.016422215545293994,0.010095754562689649
2020-08-04,11095.25,11095.25,11112.25,10908.099609375,10946.650390625,625700,10974.072509765625,10471.6240625,0.018697932161379383,0.01086657164979521
2020-08-05,11101.650390625,11101.650390625,11225.650390625,11064.0498046875,11155.75,667600,10993.867529296875,10507.35806640625,0.0005768586219327965,0.010607614300719478
2020-08-06,11200.150390625,11200.150390625,11256.7998046875,11127.2998046875,11185.7001953125,600400,11013.2025390625,10541.55908203125,0.008872554668374333,0.010562591556120392
2020-08-07,11214.0498046875,11214.0498046875,11231.900390625,11142.0498046875,11186.650390625,452600,11035.5025390625,10574.23408203125,0.0012410024488720417,0.010469318658842581
2020-08-10,11270.150390625,11270.150390625,11337.2998046875,11238.0,11270.25,492000,11058.875048828126,10603.11408203125,0.005002705259437024,0.010487090640214044
2020-08-11,11322.5,11322.5,11373.599609375,11299.150390625,11322.25,586100,11094.632568359375,10629.98208984375,0.004644978776729314,0.009345920524884732
2020-08-12,11308.400390625,11308.400390625,11322.0,11242.650390625,11289.0,609900,11129.142578125,10654.9191015625,-0.0012452735151247118,0.009388784869636022
2020-08-13,11300.4501953125,11300.4501953125,11359.2998046875,11269.9501953125,11334.849609375,562400,11157.167578125,10680.34611328125,-0.0007030344733010008,0.009217341494656795
2020-08-14,11178.400390625,11178.400390625,11366.25,11111.4501953125,11353.2998046875,645100,11171.002587890625,10701.07111328125,-0.010800437378868932,0.009189316858662403
2020-08-17,11247.099609375,11247.099609375,11267.099609375,11144.5,11248.900390625,634000,11182.24755859375,10722.6641015625,0.0061457110453491115,0.008978097390298612
2020-08-18,11385.349609375,11385.349609375,11401.7001953125,11253.150390625,11259.7998046875,579200,11193.4025390625,10749.4380859375,0.012292057935075373,0.008950232655318942
2020-08-19,11408.400390625,11408.400390625,11460.349609375,11394.099609375,11452.150390625,626200,11207.192578125,10775.2830859375,0.002024600213507588,0.008909930622680565
2020-08-20,11312.2001953125,11312.2001953125,11361.4501953125,11289.7998046875,11317.4501953125,791600,11212.030078125,10803.48708984375,-0.008432399987605033,0.00903658624306377
2020-08-21,11371.599609375,11371.599609375,11418.5,11362.2001953125,11409.650390625,668700,11220.9025390625,10831.46107421875,0.005250916093857194,0.00907933019235274
2020-08-24,11466.4501953125,11466.4501953125,11497.25,11410.650390625,11412.0,532900,11237.63505859375,10864.51607421875,0.008341006471886514,0.00909640760280051
2020-08-25,11472.25,11472.25,11525.900390625,11423.349609375,11513.099609375,638200,11246.220068359375,10895.68107421875,0.0005058064691958464,0.008511446996245207
2020-08-26,11549.599609375,11549.599609375,11561.75,11461.849609375,11512.849609375,743400,11263.557568359374,10929.05005859375,0.0067423225064831005,0.00830678477411223
2020-08-27,11559.25,11559.25,11617.349609375,11540.599609375,11609.2998046875,719800,11286.412548828124,10958.40205078125,0.0008355606212675504,0.00793232045728609
2020-08-28,11647.599609375,11647.599609375,11686.0498046875,11589.400390625,11602.9501953125,807000,11315.12001953125,10986.46603515625,0.007643195654994939,0.007947511985323558
2020-08-31,11387.5,11387.5,11794.25,11325.849609375,11777.5498046875,1371800,11339.9150390625,11007.99203125,-0.022330747801946216,0.008758705299676317
2020-09-01,11470.25,11470.25,11553.5498046875,11366.900390625,11464.2998046875,783800,11358.6650390625,11027.97703125,0.007266739846322645,0.007967143259964232
2020-09-02,11535.0,11535.0,11554.75,11430.400390625,11478.5498046875,593500,11380.33251953125,11052.57103515625,0.005645038251127943,0.008010234957012557
2020-09-03,11527.4501953125,11527.4501953125,11584.9501953125,11507.650390625,11566.2001953125,607100,11396.697509765625,11077.34203125,-0.0006545127600779965,0.007858558599372085
2020-09-04,11333.849609375,11333.849609375,11452.0498046875,11303.650390625,11354.400390625,681300,11402.6875,11096.3590234375,-0.016794744948559814,0.008857626685715131
2020-09-07,11355.0498046875,11355.0498046875,11381.150390625,11251.7001953125,11359.599609375,560300,11406.932470703125,11117.21201171875,0.0018705202595032944,0.008802628144632242
2020-09-08,11317.349609375,11317.349609375,11437.25,11290.4501953125,11378.5498046875,572200,11406.674951171875,11137.51701171875,-0.0033201259317187093,0.008781209933221188
2020-09-09,11278.0,11278.0,11298.150390625,11185.150390625,11218.599609375,728900,11405.154931640625,11154.476015625,-0.003476927967516641,0.008812179355237652
2020-09-10,11449.25,11449.25,11464.0498046875,11327.400390625,11363.2998046875,679400,11412.594921875,11172.42701171875,0.015184429863450921,0.009447876014500412
2020-09-11,11464.4501953125,11464.4501953125,11493.5,11419.900390625,11447.7998046875,554800,11426.897412109374,11189.5690234375,0.0013276149365679668,0.00905201171053704
2020-09-14,11440.0498046875,11440.0498046875,11568.900390625,11383.5498046875,11540.150390625,642300,11436.544921875,11203.09701171875,-0.0021283524468515003,0.009008019064550959
2020-09-15,11521.7998046875,11521.7998046875,11535.9501953125,11442.25,11487.2001953125,506700,11443.367431640625,11217.54,0.007145947910690342,0.008734521528419241
2020-09-16,11604.5498046875,11604.5498046875,11618.099609375,11516.75,11538.4501953125,527800,11453.17490234375,11235.51599609375,0.0071820376506051,0.00885311757098223
2020-09-17,11516.099609375,11516.099609375,11587.2001953125,11498.5,11539.400390625,0,11463.369873046875,11249.568984375,-0.007622027291120936,0.008809953958430514
2020-09-18,11504.9501953125,11504.9501953125,11584.099609375,11446.099609375,11584.099609375,764200,11470.03740234375,11264.3069921875,-0.0009681588767627147,0.008759049009028807
2020-09-21,11250.5498046875,11250.5498046875,11535.25,11218.5,11503.7998046875,602900,11459.2423828125,11273.263984375,-0.02211225483867385,0.009916633787163268
2020-09-22,11153.650390625,11153.650390625,11302.2001953125,11084.650390625,11301.75,672200,11443.31240234375,11284.19,-0.00861286032635733,0.010057084005634593
2020-09-23,11131.849609375,11131.849609375,11259.5498046875,11024.400390625,11258.75,714900,11422.42490234375,11294.46298828125,-0.0019545871070447696,0.009874735610735057
2020-09-24,10805.5498046875,10805.5498046875,11015.2998046875,10790.2001953125,11011.0,706100,11384.739892578125,11295.77498046875,-0.029312272096516434,0.011602203109992661
2020-09-25,11050.25,11050.25,11072.599609375,10854.849609375,10910.400390625,559600,11354.872412109375,11298.7459765625,0.022645788482354545,0.012772958318881596
2020-09-28,11227.5498046875,11227.5498046875,11239.349609375,11099.849609375,11140.849609375,472800,11346.87490234375,11302.85296875,0.016044868187371275,0.012525242354573233
2020-09-29,11222.400390625,11222.400390625,11305.400390625,11181.0,11288.599609375,498300,11334.482421875,11304.0559765625,-0.0004586409458945395,0.012387185963148743
2020-09-30,11247.5498046875,11247.5498046875,11295.400390625,11184.5498046875,11244.4501953125,499300,11320.109912109376,11306.35498046875,0.002241001317642377,0.012313979314469847
2020-10-01,11416.9501953125,11416.9501953125,11428.599609375,11347.0498046875,11364.4501953125,447700,11314.584912109374,11310.38498046875,0.015061092732783665,0.01284004400684415
2020-10-05,11503.349609375,11503.349609375,11578.0498046875,11452.2998046875,11487.7998046875,530600,11323.059912109375,11316.56896484375,0.0075676439490797165,0.012349361187522234
2020-10-06,11662.400390625,11662.400390625,11680.2998046875,11564.2998046875,11603.4501953125,561400,11338.42744140625,11327.1809765625,0.013826475474619793,0.012687870661887625
2020-10-07,11738.849609375,11738.849609375,11763.0498046875,11629.349609375,11679.25,513400,11359.50244140625,11335.94697265625,0.006555187284725372,0.01268613418598718
2020-10-08,11834.599609375,11834.599609375,11905.7001953125,11791.150390625,11835.400390625,608800,11387.332421875,11348.58197265625,0.008156676606839941,0.012692997234819552
2020-10-09,11914.2001953125,11914.2001953125,11938.599609375,11805.2001953125,11852.0498046875,611100,11410.579931640625,11364.82296875,0.0067260903253916204,0.012384889836666472
2020-10-12,11930.9501953125,11930.9501953125,12022.0498046875,11867.2001953125,11973.5498046875,522600,11433.904931640625,11381.97296875,0.0014058853909966196,0.012384656742296463
2020-10-13,11934.5,11934.5,11988.2001953125,11888.900390625,11934.650390625,458300,11458.62744140625,11402.8309765625,0.0002975290843887368,0.012353219294496664
2020-10-14,11971.0498046875,11971.0498046875,11997.2001953125,11822.150390625,11917.400390625,569200,11481.08994140625,11420.34697265625,0.0030625333853533387,0.012300643951354578
2020-10-15,11680.349609375,11680.349609375,12025.4501953125,11661.2998046875,12023.4501953125,608900,11484.879931640626,11431.92095703125,-0.02428360085835335,0.013549980729368678
2020-10-16,11762.4501953125,11762.4501953125,11789.75,11667.849609375,11727.400390625,555800,11497.1974609375,11443.166953125,0.007028949362235082,0.01348860105814732
2020-10-19,11873.0498046875,11873.0498046875,11898.25,11820.400390625,11879.2001953125,541400,11515.60244140625,11456.346953125,0.009402769621849272,0.01360192388179657
2020-10-20,11896.7998046875,11896.7998046875,11949.25,11837.25,11861.0,453600,11547.91494140625,11468.87994140625,0.002000328507897331,0.012398952349896719
2020-10-21,11937.650390625,11937.650390625,12018.650390625,11775.75,11958.5498046875,623700,11587.11494140625,11481.18294921875,0.0034337457642519276,0.012100785155401103
2020-10-22,11896.4501953125,11896.4501953125,11939.5498046875,11823.4501953125,11890.0,544900,11625.344970703125,11492.9439453125,-0.0034512817819539743,0.01214067569788714
2020-10-23,11930.349609375,11930.349609375,11974.5498046875,11908.75,11957.900390625,502300,11681.5849609375,11505.54193359375,0.0028495402835257977,0.009400933901788205
2020-10-26,11767.75,11767.75,11942.849609375,11711.7001953125,11937.400390625,519800,11717.4599609375,11517.32892578125,-0.013629073304543216,0.0093173783237033
2020-10-27,11889.400390625,11889.400390625,11899.0498046875,11723.0,11807.099609375,616300,11750.552490234375,11530.17494140625,0.010337608346965288,0.008984462593955734
2020-10-28,11729.599609375,11729.599609375,11929.400390625,11684.849609375,11922.599609375,704000,11775.912451171875,11537.05994140625,-0.013440608945763599,0.00968223716662505
2020-10-29,11670.7998046875,11670.7998046875,11744.150390625,11606.4501953125,11633.2998046875,555000,11797.074951171875,11542.3079296875,-0.005012942184360991,0.00981780228784379
2020-10-30,11642.400390625,11642.400390625,11748.9501953125,11535.4501953125,11678.4501953125,553700,11808.3474609375,11548.91193359375,-0.002433373422367602,0.009351251136894055
2020-11-02,11669.150390625,11669.150390625,11725.650390625,11557.400390625,11697.349609375,568400,11816.6375,11554.86294921875,0.002297636149117599,0.00923051052388225
2020-11-03,11813.5,11813.5,11836.2001953125,11723.2998046875,11734.4501953125,674300,11824.19248046875,11561.8039453125,0.01237019016319918,0.009127147703959865
2020-11-04,11908.5,11908.5,11929.650390625,11756.400390625,11783.349609375,667300,11832.675,11570.5289453125,0.008041647267956087,0.00918335524378006
2020-11-05,12120.2998046875,12120.2998046875,12131.099609375,12027.599609375,12062.400390625,632500,11846.960009765626,11581.94294921875,0.017785598915690537,0.009821857790557675
2020-11-06,12263.5498046875,12263.5498046875,12280.400390625,12131.849609375,12156.650390625,576800,11864.427490234375,11596.0289453125,0.011819014571289532,0.010035295347855936
2020-11-09,12461.0498046875,12461.0498046875,12474.0498046875,12367.349609375,12399.400390625,553400,11890.932470703125,11612.29794921875,0.016104635537461442,0.010553355824873786
2020-11-10,12631.099609375,12631.099609375,12643.900390625,12475.25,12556.400390625,847500,11925.762451171875,11637.16994140625,0.01364650710436388,0.010842924110585215
2020-11-11,12749.150390625,12749.150390625,12769.75,12571.099609375,12680.599609375,880500,11964.66748046875,11662.74794921875,0.009346041508720315,0.010938599129126623
2020-11-12,12690.7998046875,12690.7998046875,12741.150390625,12624.849609375,12702.150390625,622000,12015.189990234376,11685.8639453125,-0.004576821525331454,0.009057414632562525
2020-11-13,12719.9501953125,12719.9501953125,12735.9501953125,12607.7001953125,12659.7001953125,513900,12063.064990234376,11709.7139453125,0.002296970330761372,0.009041307602172118
2020-11-17,12874.2001953125,12874.2001953125,12934.0498046875,12797.099609375,12932.5,707700,12113.122509765624,11740.52095703125,0.012126619808373373,0.0091475099354062
2020-11-18,12938.25,12938.25,12948.849609375,12819.349609375,12860.099609375,731300,12165.19501953125,11772.1849609375,0.004975051165572175,0.009135824942902833
2020-11-19,12771.7001953125,12771.7001953125,12963.0,12745.75,12839.5,768800,12206.897509765626,11801.27197265625,-0.01287266861341374,0.009907048155733981
2020-11-20,12859.0498046875,12859.0498046875,12892.4501953125,12730.25,12813.400390625,664000,12255.027490234375,11832.89296875,0.00683930941371913,0.009797527292070955
2020-11-23,12926.4501953125,12926.4501953125,12968.849609375,12825.7001953125,12960.2998046875,633100,12304.83251953125,11862.43697265625,0.005241475198302092,0.009798069070661771
2020-11-24,13055.150390625,13055.150390625,13079.099609375,12978.0,13002.599609375,571900,12369.2025390625,11894.2509765625,0.0099563448098976,0.0089382171937527
2020-11-25,12858.400390625,12858.400390625,13145.849609375,12833.650390625,13130.0,679000,12417.6525390625,11922.61798828125,-0.015070680468092346,0.009926902408287563
2020-11-26,12987.0,12987.0,13018.0,12790.400390625,12906.4501953125,549800,12480.52255859375,11951.9219921875,0.010001213639976747,0.009113324762492178
2020-11-27,12968.9501953125,12968.9501953125,13035.2998046875,12914.2998046875,13012.0498046875,1162400,12545.430078125,11979.21,-0.001389836350773832,0.008935062905479981
2020-12-01,13109.0498046875,13109.0498046875,13128.400390625,12962.7998046875,13062.2001953125,583600,12618.762548828125,12011.06900390625,0.010802694687318537,0.008819590295101104
2020-12-02,13113.75,13113.75,13128.5,12983.5498046875,13121.400390625,717700,12690.992529296875,12043.245,0.0003585458429504751,0.00887278083871517
2020-12-03,13133.900390625,13133.900390625,13216.599609375,13107.900390625,13215.2998046875,713700,12757.012548828125,12080.91201171875,0.0015365849299400214,0.008786627315369349
2020-12-04,13258.5498046875,13258.5498046875,13280.0498046875,13152.849609375,13177.400390625,640500,12824.5150390625,12123.01,0.009490662358873525,0.00881592849833837
2020-12-07,13355.75,13355.75,13366.650390625,13241.9501953125,13264.849609375,591700,12886.287548828124,12167.4880078125,0.007331133249439903,0.008341364772237896
2020-12-08,13392.9501953125,13392.9501953125,13435.4501953125,13311.0498046875,13393.849609375,543200,12942.757568359375,12219.236015625,0.002785331809333158,0.008190090414268361
2020-12-09,13529.099609375,13529.099609375,13548.900390625,13449.599609375,13458.099609375,502600,12996.16005859375,12268.8130078125,0.010165752285866914,0.007845574410369986
2020-12-10,13478.2998046875,13478.2998046875,13503.5498046875,13399.2998046875,13488.5,553400,13038.520068359376,12313.8280078125,-0.0037548548058806697,0.007700490183233772
2020-12-11,13513.849609375,13513.849609375,13579.349609375,13402.849609375,13512.2998046875,787700,13076.755029296875,12359.6569921875,0.002637558535026452,0.007567282935220655
2020-12-14,13558.150390625,13558.150390625,13597.5,13472.4501953125,13571.4501953125,558400,13120.12255859375,12405.86900390625,0.0032781762806703973,0.007357327939637304
2020-12-15,13567.849609375,13567.849609375,13589.650390625,13447.0498046875,13547.2001953125,497600,13162.517529296874,12448.8869921875,0.0007153791977927426,0.007377564304104187
2020-12-16,13682.7001953125,13682.7001953125,13692.349609375,13606.4501953125,13663.099609375,462200,13202.942529296875,12492.47400390625,0.008464907059269056,0.007188907501121368
2020-12-17,13740.7001953125,13740.7001953125,13773.25,13673.5498046875,13713.5498046875,416000,13243.0650390625,12534.04,0.004238929390550483,0.007180544952831663
2020-12-18,13760.5498046875,13760.5498046875,13772.849609375,13658.599609375,13764.400390625,519400,13292.50751953125,12574.47400390625,0.0014445849987885229,0.006150697371894789
2020-12-21,13328.400390625,13328.400390625,13777.5,13131.4501953125,13741.900390625,687300,13315.975048828124,12604.35001953125,-0.0314049525779333,0.009926747913227297
2020-12-22,13466.2998046875,13466.2998046875,13492.0498046875,13192.900390625,13373.650390625,696200,13342.967529296875,12635.39201171875,0.010346283876607965,0.010083167992012152
2020-12-23,13601.099609375,13601.099609375,13619.4501953125,13432.2001953125,13473.5,458700,13370.264990234375,12668.795,0.010010159185716239,0.010085382686142192
2020-12-24,13749.25,13749.25,13771.75,13626.900390625,13672.150390625,471400,13414.807470703125,12705.09,0.01089253037474136,0.009407130849406283
2020-12-28,13873.2001953125,13873.2001953125,13885.2998046875,13811.5498046875,13815.150390625,403600,13459.11748046875,12743.1330078125,0.009015051389166695,0.009373218867499814
2020-12-29,13932.599609375,13932.599609375,13967.599609375,13859.900390625,13910.349609375,439600,13507.299951171875,12788.1780078125,0.004281594241144937,0.009307894313064783
2020-12-30,13981.9501953125,13981.9501953125,13997.0,13864.9501953125,13980.900390625,380700,13550.944970703125,12832.5680078125,0.003542094606974411,0.009153807298389223
2020-12-31,13981.75,13981.75,14024.849609375,13936.4501953125,13970.0,452400,13594.344970703125,12874.74201171875,-1.4318125132972703e-05,0.009160423704945566
2021-01-01,14018.5,14018.5,14049.849609375,13991.349609375,13996.099609375,358100,13638.574951171875,12917.176015625,0.0026284263414808606,0.009152924642627258
2021-01-04,14132.900390625,14132.900390625,14147.9501953125,13953.75,14104.349609375,495000,13682.29248046875,12961.081015625,0.00816067272711063,0.00911034841064837
2021-01-05,14199.5,14199.5,14215.599609375,14048.150390625,14075.150390625,492500,13724.47998046875,13007.14201171875,0.004712380865514287,0.009067143819359098
2021-01-06,14146.25,14146.25,14244.150390625,14039.900390625,14240.9501953125,632300,13762.144970703124,13051.46001953125,-0.0037501320469031096,0.009196205556236127
2021-01-07,14137.349609375,14137.349609375,14256.25,14123.099609375,14253.75,559200,13792.557470703125,13098.85201171875,-0.0006291696120880319,0.009055650623862987
2021-01-08,14347.25,14347.25,14367.2998046875,14221.650390625,14258.400390625,613500,13836.00498046875,13148.00900390625,0.014847223590326086,0.009357701100862766
2021-01-11,14484.75,14484.75,14498.2001953125,14383.099609375,14474.0498046875,672900,13884.55,13203.11201171875,0.009583718134137165,0.0094651509985104
2021-01-12,14563.4501953125,14563.4501953125,14590.650390625,14432.849609375,14473.7998046875,929600,13934.814990234376,13260.96501953125,0.005433314024232416,0.009474537910218166
2021-01-13,14564.849609375,14564.849609375,14653.349609375,14435.7001953125,14639.7998046875,874000,13984.664990234374,13319.41400390625,9.609083312889233e-05,0.009485556308373406
2021-01-14,14595.599609375,14595.599609375,14617.7998046875,14471.5,14550.0498046875,620200,14030.3099609375,13377.94298828125,0.002111247340323086,0.009420041570677022
2021-01-15,14433.7001953125,14433.7001953125,14617.4501953125,14357.849609375,14594.349609375,789600,14064.9599609375,13430.3469921875,-0.011092344158201595,0.009946741362104508
2021-01-18,14281.2998046875,14281.2998046875,14459.150390625,14222.7998046875,14453.2998046875,762000,14090.9974609375,13477.80298828125,-0.010558650142566628,0.010367671380904669
2021-01-19,14521.150390625,14521.150390625,14546.0498046875,14350.849609375,14371.650390625,546100,14150.6349609375,13525.82,0.016794730817062842,0.00739038555869188
2021-01-20,14644.7001953125,14644.7001953125,14666.4501953125,14517.5498046875,14538.2998046875,623100,14209.55498046875,13573.4430078125,0.008508265623863087,0.00732262799984946
2021-01-21,14590.349609375,14590.349609375,14753.5498046875,14517.25,14730.9501953125,704600,14259.01748046875,13616.02900390625,-0.0037112802046228577,0.007394874923291504
2021-01-22,14371.900390625,14371.900390625,14619.900390625,14357.75,14583.400390625,776800,14290.15,13650.84501953125,-0.014972171647596122,0.008253624557233451
2021-01-25,14238.900390625,14238.900390625,14491.099609375,14218.599609375,14477.7998046875,618600,14308.435009765624,13680.64001953125,-0.009254169343308138,0.008473461985544047
2021-01-27,13967.5,13967.5,14237.9501953125,13929.2998046875,14237.9501953125,660700,14310.180029296875,13706.1740234375,-0.019060488041877988,0.009581460665806108
2021-01-28,13817.5498046875,13817.5498046875,13898.25,13713.25,13810.400390625,637900,14301.960009765626,13728.126015625,-0.010735650281904374,0.009845163930397796
2021-01-29,13634.599609375,13634.599609375,13966.849609375,13596.75,13946.599609375,753200,14284.602490234374,13743.33400390625,-0.013240422354072856,0.010243766759341678
2021-02-01,14281.2001953125,14281.2001953125,14336.349609375,13661.75,13758.599609375,870500,14297.7375,13770.1930078125,0.047423511101338356,0.014944801237007381
2021-02-02,14647.849609375,14647.849609375,14731.7001953125,14469.150390625,14481.099609375,915000,14323.4849609375,13807.71599609375,0.02567357148195737,0.015868873647253878
2021-02-03,14789.9501953125,14789.9501953125,14868.849609375,14574.150390625,14754.900390625,869500,14353.007470703125,13846.33400390625,0.009701122671723184,0.015954237073851543
2021-02-04,14895.650390625,14895.650390625,14913.7001953125,14714.75,14789.0498046875,884700,14390.477490234374,13885.7180078125,0.0071467580293813615,0.015927882602020226
2021-02-05,14924.25,14924.25,15014.650390625,14864.75,14952.599609375,935600,14429.822509765625,13923.1,0.0019199973566108586,0.015910001717099987
2021-02-08,15115.7998046875,15115.7998046875,15159.900390625,15041.0498046875,15064.2998046875,671200,14468.25,13968.24798828125,0.01283480273296811,0.01583619730066381
2021-02-09,15109.2998046875,15109.2998046875,15257.099609375,15064.2998046875,15164.150390625,713300,14499.477490234374,14010.693984375,-0.0004300136336804483,0.015766250102051207
2021-02-10,15106.5,15106.5,15168.25,14977.2001953125,15119.0498046875,624800,14526.62998046875,14053.44498046875,-0.00018530340410816137,0.01575621116048384
2021-02-11,15173.2998046875,15173.2998046875,15188.5,15065.400390625,15073.25,500100,14557.052490234375,14094.72998046875,0.004421924647502795,0.015759135281120353
2021-02-12,15163.2998046875,15163.2998046875,15243.5,15081.0,15186.2001953125,571800,14585.4375,14135.7209765625,-0.0006590524229219685,0.01577180018830642
2021-02-15,15314.7001953125,15314.7001953125,15340.150390625,15243.400390625,15270.2998046875,456000,14629.4875,14179.33697265625,0.00998465984153385,0.015551731024735154
2021-02-16,15313.4501953125,15313.4501953125,15431.75,15242.2001953125,15371.4501953125,648500,14681.09501953125,14220.43498046875,-8.162092525865194e-05,0.015241499505772438
2021-02-17,15208.900390625,15208.900390625,15314.2998046875,15170.75,15279.900390625,504800,14715.48251953125,14257.49798828125,-0.006827318687430917,0.015079923651969402
2021-02-18,15118.9501953125,15118.9501953125,15250.75,15078.0498046875,15238.7001953125,770600,14739.19501953125,14292.01798828125,-0.005914312869584326,0.015118398497140651
2021-02-19,14981.75,14981.75,15144.0498046875,14898.2001953125,15074.7998046875,712200,14758.7650390625,14321.07099609375,-0.009074717063029758,0.015266313566526222
2021-02-22,14675.7001953125,14675.7001953125,15010.099609375,14635.0498046875,14999.0498046875,609900,14773.955029296874,14345.01900390625,-0.020428174591586412,0.01561956470135117
2021-02-23,14707.7998046875,14707.7998046875,14854.5,14651.849609375,14782.25,744100,14797.4,14368.8980078125,0.0021872625461001327,0.015426366651663487
2021-02-24,14982.0,14982.0,15008.7998046875,14504.5,14729.150390625,403800,14848.125,14397.375,0.01864318245786234,0.015050796133444917
2021-02-25,15097.349609375,15097.349609375,15176.5,15065.349609375,15079.849609375,803900,14912.114990234375,14427.965,0.007699213013950157,0.014685544725569284
2021-02-26,14529.150390625,14529.150390625,14919.4501953125,14467.75,14888.599609375,1103600,14956.842529296875,14444.89400390625,-0.03763569324758598,0.01706106130858858
2021-03-01,14761.5498046875,14761.5498046875,14806.7998046875,14638.5498046875,14702.5,507300,14980.860009765625,14465.31099609375,0.015995389118723446,0.01394854316146445
2021-03-02,14919.099609375,14919.099609375,14959.099609375,14760.7998046875,14865.2998046875,621700,14994.422509765625,14488.4819921875,0.010672985341787733,0.012962830059477688
2021-03-03,15245.599609375,15245.599609375,15273.150390625,14995.7998046875,15064.400390625,544200,15017.20498046875,14526.8259765625,0.021884698711632122,0.01366081343371453
2021-03-04,15080.75,15080.75,15202.349609375,14980.2001953125,15026.75,534900,15026.4599609375,14559.11498046875,-0.010812930524138231,0.013866284793829689
2021-03-05,14938.099609375,14938.099609375,15092.349609375,14862.099609375,14977.9501953125,640700,15027.15244140625,14585.85498046875,-0.009459104528952489,0.014046295460087399
2021-03-08,14956.2001953125,14956.2001953125,15111.150390625,14919.900390625,15002.4501953125,0,15019.1724609375,14609.993984375,0.0012117060677612201,0.013730343038182317
2021-03-09,15098.400390625,15098.400390625,15126.849609375,14925.4501953125,15049.900390625,675300,15018.627490234376,14634.49798828125,0.00950777560179139,0.013909389882497271
2021-03-10,15174.7998046875,15174.7998046875,15218.4501953125,15100.849609375,15202.150390625,404600,15022.04248046875,14659.3419921875,0.005060099883821945,0.013953971218907712
2021-03-12,15030.9501953125,15030.9501953125,15336.2998046875,14953.599609375,15321.150390625,493200,15014.925,14680.3219921875,-0.009479506235763657,0.014084447541738772
2021-03-15,14929.5,14929.5,15048.400390625,14745.849609375,15048.400390625,467500,15003.235009765625,14699.2769921875,-0.006749419963093084,0.014156538378994521
2021-03-16,14910.4501953125,14910.4501953125,15051.599609375,14890.650390625,14996.099609375,100,14983.022509765626,14717.11599609375,-0.001275984104457617,0.013932178391469981
2021-03-17,14721.2998046875,14721.2998046875,14956.5498046875,14696.0498046875,14946.5498046875,100,14953.414990234374,14728.883984375,-0.012685759862868795,0.014160044374178922
2021-03-18,14557.849609375,14557.849609375,14875.2001953125,14478.599609375,14855.5,542200,14920.862451171875,14736.0509765625,-0.011102973071742905,0.014270607506441194
2021-03-19,14744.0,14744.0,14788.25,14350.099609375,14471.150390625,919200,14902.11494140625,14748.0059765625,0.012786942826028547,0.014615211886151667
2021-03-22,14736.400390625,14736.400390625,14763.900390625,14597.849609375,14736.2998046875,459000,14889.8474609375,14759.9869921875,-0.000515437423697751,0.014495860569514737
2021-03-23,14814.75,14814.75,14878.599609375,14707.0,14768.5498046875,474200,14896.799951171875,14769.3369921875,0.00531673999743143,0.013779477499352478
2021-03-24,14549.400390625,14549.400390625,14752.349609375,14535.0,14712.4501953125,456400,14888.87998046875,14770.63,-0.017911176994211853,0.014374765705930836
2021-03-25,14324.900390625,14324.900390625,14575.599609375,14264.400390625,14570.900390625,606800,14856.025,14765.85900390625,-0.015430189146808937,0.014008201088274372
2021-03-26,14507.2998046875,14507.2998046875,14572.900390625,14414.25,14506.2998046875,481000,14826.522509765626,14764.7080078125,0.012733031929623273,0.014237748164716934
2021-03-30,14845.099609375,14845.099609375,14876.2998046875,14617.599609375,14628.5,594500,14842.319970703125,14769.6980078125,0.02328481586755049,0.012612751146725575
2021-03-31,14690.7001953125,14690.7001953125,14813.75,14670.25,14811.849609375,463900,14838.777490234375,14774.8380078125,-0.010400699094332388,0.012356177702591176
2021-04-01,14867.349609375,14867.349609375,14883.2001953125,14692.4501953125,14798.400390625,445000,14836.189990234376,14786.55900390625,0.012024574166918489,0.012422112235834613
2021-04-05,14637.7998046875,14637.7998046875,14849.849609375,14459.5,14837.7001953125,509700,14805.8,14788.8919921875,-0.015439860548026041,0.011729739584010926
2021-04-06,14683.5,14683.5,14779.099609375,14573.900390625,14737.0,475300,14785.9375,14789.66798828125,0.003122067245233451,0.01158966020192285
2021-04-07,14819.0498046875,14819.0498046875,14879.7998046875,14649.849609375,14716.4501953125,0,14779.985009765625,14794.2419921875,0.009231436965811968,0.011647996400335914
2021-04-08,14873.7998046875,14873.7998046875,14984.150390625,14821.099609375,14875.650390625,514800,14775.864990234375,14804.27998046875,0.0036945688638336804,0.011678546258692009
2021-04-09,14834.849609375,14834.849609375,14918.4501953125,14785.650390625,14882.650390625,504100,14762.687451171874,14816.19896484375,-0.0026187118170183377,0.011460135589328126
2021-04-12,14310.7998046875,14310.7998046875,14652.5,14248.7001953125,14644.650390625,650200,14719.487451171875,14823.0649609375,-0.03532558930400764,0.01370756480993404
2021-04-13,14504.7998046875,14504.7998046875,14528.900390625,14274.900390625,14364.900390625,605100,14693.179931640625,14836.8099609375,0.013556195506029933,0.01408271378185949
2021-04-15,14581.4501953125,14581.4501953125,14597.5498046875,14353.2001953125,14522.400390625,568000,14675.77744140625,14855.74697265625,0.005284484560774683,0.014112004737115364
2021-04-16,14617.849609375,14617.849609375,14697.7001953125,14559.0,14599.599609375,577200,14661.147412109374,14862.4799609375,0.002496282165007191,0.014134488879047375
2021-04-19,14359.4501953125,14359.4501953125,14382.2998046875,14191.400390625,14306.599609375,512300,14643.054931640625,14856.71197265625,-0.017676978554819645,0.01439528300886105
2021-04-20,14296.400390625,14296.400390625,14526.9501953125,14207.2998046875,14526.7001953125,467400,14629.982470703126,14846.8409765625,-0.004390823034999047,0.014228167733546376
2021-04-22,14406.150390625,14406.150390625,14424.75,14151.400390625,14219.150390625,524600,14613.089990234375,14837.0509765625,0.007676757575422188,0.014015457557161309
2021-04-23,14341.349609375,14341.349609375,14461.150390625,14273.2998046875,14326.349609375,498100,14593.337451171876,14825.39296875,-0.004498133053794207,0.014035526026930673
2021-04-26,14485.0,14485.0,14557.5,14421.2998046875,14449.4501953125,452700,14576.849951171875,14812.77697265625,0.010016518287169873,0.014189987670446552
2021-04-27,14653.0498046875,14653.0498046875,14667.5498046875,14484.849609375,14493.7998046875,451800,14582.032421875,14803.65197265625,0.011601643402658013,0.01387293631653007
2021-04-28,14864.5498046875,14864.5498046875,14890.25,14694.9501953125,14710.5,457000,14609.014892578125,14798.81296875,0.014433855260107098,0.013679909681973898
2021-04-29,14894.900390625,14894.900390625,15044.349609375,14814.4501953125,14979.0,517500,14628.394921875,14793.24498046875,0.0020418099664161193,0.013442803155902823
2021-04-30,14631.099609375,14631.099609375,14855.4501953125,14601.7001953125,14747.349609375,613900,14617.694921875,14782.6009765625,-0.017710812045177438,0.0130508807977833
2021-05-03,14634.150390625,14634.150390625,14673.849609375,14416.25,14481.0498046875,448900,14614.867431640625,14768.98998046875,0.00020851346320172048,0.012847468795124502
2021-05-04,14496.5,14496.5,14723.400390625,14461.5,14687.25,503400,14596.324951171875,14752.6509765625,-0.00940610742344028,0.012674348151460227
2021-05-05,14617.849609375,14617.849609375,14637.900390625,14506.599609375,14604.150390625,455900,14595.32744140625,14740.8299609375,0.0083709591539336,0.012379774109629376
2021-05-06,14724.7998046875,14724.7998046875,14743.900390625,14611.5,14668.349609375,467800,14597.392431640625,14732.946953125,0.0073164109749706,0.012470544242215229
2021-05-07,14823.150390625,14823.150390625,14863.0498046875,14765.5,14816.849609375,488000,14597.5974609375,14729.7749609375,0.006679247748155426,0.012386198308636997
2021-05-10,14942.349609375,14942.349609375,14966.900390625,14892.5,14928.25,522000,14601.024951171876,14735.10794921875,0.008041422748121585,0.012490521473203531
2021-05-11,14850.75,14850.75,14900.0,14771.400390625,14789.7001953125,647400,14601.819970703125,14737.966953125,-0.006130201191218876,0.01255827579919242
2021-05-12,14696.5,14696.5,14824.0498046875,14649.7001953125,14823.5498046875,643800,14621.10498046875,14732.256953125,-0.0103866808073666,0.009784348686122536
2021-05-14,14677.7998046875,14677.7998046875,14749.650390625,14591.900390625,14749.400390625,620700,14629.75498046875,14723.86595703125,-0.0012724250884564858,0.009365685325523954
2021-05-17,14923.150390625,14923.150390625,14938.0,14725.349609375,14756.25,546400,14646.839990234375,14731.74595703125,0.01671576048197254,0.009992232465600518
2021-05-18,15108.099609375,15108.099609375,15137.25,15043.7001953125,15067.2001953125,583900,14671.352490234374,14738.676953125,0.012393443335275034,0.01029981835763147
2021-05-19,15030.150390625,15030.150390625,15133.400390625,15008.849609375,15058.599609375,569100,14704.8875,14740.89796875,-0.005159432408138875,0.00940145202628622
2021-05-20,14906.0498046875,14906.0498046875,15069.7998046875,14884.900390625,15042.599609375,480300,14735.369970703125,14734.10697265625,-0.00825677606093067,0.009584799537673905
2021-05-21,15175.2998046875,15175.2998046875,15190.0,14985.849609375,14987.7998046875,572900,14773.82744140625,14735.99796875,0.01806313567497475,0.010164761134825648
2021-05-24,15197.7001953125,15197.7001953125,15256.25,15145.4501953125,15211.349609375,579800,14816.644970703124,14741.18998046875,0.001476108604989923,0.010030441861912938
2021-05-25,15208.4501953125,15208.4501953125,15293.849609375,15163.400390625,15291.75,441500,14852.81748046875,14746.23498046875,0.0007073438653115716,0.00990050552737769
2021-05-26,15301.4501953125,15301.4501953125,15319.900390625,15194.9501953125,15257.0498046875,384000,14885.2375,14750.2959765625,0.006115021504864648,0.009708796437016026
2021-05-27,15337.849609375,15337.849609375,15384.5498046875,15272.5,15323.9501953125,0,14908.902490234375,14753.55697265625,0.002378821196545866,0.009274590212115194
2021-05-28,15435.650390625,15435.650390625,15469.650390625,15394.75,15421.2001953125,468100,14935.939990234376,14761.6509765625,0.006376433707514062,0.00933567489269058
2021-05-31,15582.7998046875,15582.7998046875,15606.349609375,15374.0,15437.75,436000,14983.525,14774.71697265625,0.009533088035724946,0.008260692765051302
2021-06-01,15574.849609375,15574.849609375,15660.75,15528.2998046875,15629.650390625,409600,15030.5599609375,14788.0049609375,-0.0005101904286871628,0.0082758863212534
2021-06-02,15576.2001953125,15576.2001953125,15597.4501953125,15459.849609375,15520.349609375,428600,15084.544970703126,14805.10296875,8.67158252806366e-05,0.007774772643202139
2021-06-03,15690.349609375,15690.349609375,15705.099609375,15611.0,15655.5498046875,410200,15138.169970703126,14827.75296875,0.0073284506253876724,0.0077447291534903885
2021-06-04,15670.25,15670.25,15733.599609375,15622.349609375,15712.5,414200,15185.44248046875,14846.27796875,-0.001281017305247989,0.007764694132903832
2021-06-07,15751.650390625,15751.650390625,15773.4501953125,15678.099609375,15725.099609375,394000,15231.86748046875,14866.58296875,0.0051945814919991395,0.007736170796256266
2021-06-08,15740.099609375,15740.099609375,15778.7998046875,15680.0,15773.900390625,378200,15271.75498046875,14885.0899609375,-0.0007333060957773752,0.007688099724023683
2021-06-09,15635.349609375,15635.349609375,15800.4501953125,15566.900390625,15766.2998046875,457900,15310.9849609375,14906.8089453125,-0.006654976944212576,0.007720405676866166
2021-06-10,15737.75,15737.75,15751.25,15648.5,15692.099609375,298300,15363.0474609375,14935.0659375,0.0065492869160790335,0.007126293098000024
2021-06-11,15799.349609375,15799.349609375,15835.5498046875,15749.7998046875,15796.4501953125,363000,15419.124951171874,14960.90693359375,0.003914130633349666,0.00703913924939417
2021-06-14,15811.849609375,15811.849609375,15823.0498046875,15606.5,15791.400390625,392900,15463.559912109375,14980.24193359375,0.0007911718082738162,0.006358535880074299
2021-06-15,15869.25,15869.25,15901.599609375,15842.400390625,15866.9501953125,323300,15501.617431640625,15003.8129296875,0.003630213545097627,0.005960528369454701
2021-06-16,15767.5498046875,15767.5498046875,15880.849609375,15742.599609375,15847.5,340200,15538.48740234375,15021.81693359375,-0.006408632752808119,0.00605063073987931
2021-06-17,15691.400390625,15691.400390625,15769.349609375,15616.75,15648.2998046875,357600,15577.754931640626,15042.8889453125,-0.0048295020472909345,0.005774724170626935
2021-06-18,15683.349609375,15683.349609375,15761.5,15450.900390625,15756.5,640800,15603.157421875,15062.8859375,-0.000513069646403852,0.004509772172508551
2021-06-21,15746.5,15746.5,15765.150390625,15505.650390625,15525.849609375,351500,15630.597412109375,15081.43494140625,0.004026588209654625,0.004540328722025908
2021-06-22,15772.75,15772.75,15895.75,15752.099609375,15840.5,322200,15658.81240234375,15099.4139453125,0.0016670371193598932,0.004533405392173419
2021-06-23,15686.9501953125,15686.9501953125,15862.9501953125,15673.9501953125,15862.7998046875,287500,15678.08740234375,15116.45595703125,-0.005439749231269109,0.004692468984611883
2021-06-24,15790.4501953125,15790.4501953125,15821.400390625,15702.7001953125,15737.2998046875,316700,15700.717431640625,15146.04896484375,0.006597840798329813,0.004838205641404125
2021-06-25,15860.349609375,15860.349609375,15870.7998046875,15772.2998046875,15839.349609375,314600,15721.952392578125,15173.1599609375,0.0044266891189239654,0.0047529529970889665
2021-06-28,15814.7001953125,15814.7001953125,15915.650390625,15792.150390625,15915.349609375,255100,15733.547412109376,15197.8249609375,-0.0028782098242977616,0.00443015594420969
2021-06-29,15748.4501953125,15748.4501953125,15835.900390625,15724.0498046875,15807.5,360300,15742.22744140625,15220.43697265625,-0.0041891404314852165,0.004559642308121834
2021-06-30,15721.5,15721.5,15839.099609375,15708.75,15776.900390625,262400,15749.492431640625,15247.67796875,-0.0017112919035373597,0.004587195280947587
2021-07-01,15680.0,15680.0,15755.5498046875,15667.0498046875,15755.0498046875,224900,15748.974951171875,15275.3499609375,-0.002639697229908089,0.004338052803139858
2021-07-02,15722.2001953125,15722.2001953125,15738.349609375,15635.9501953125,15705.849609375,254800,15751.5724609375,15301.67095703125,0.002691338986766656,0.004368305413405949
2021-07-05,15834.349609375,15834.349609375,15845.9501953125,15762.0498046875,15793.400390625,207000,15755.707421875,15331.53095703125,0.007133188273225066,0.004504931295045146
2021-07-06,15818.25,15818.25,15914.2001953125,15801.0,15813.75,391400,15759.61494140625,15358.19595703125,-0.0010167521731027085,0.004508703000602065
2021-07-07,15879.650390625,15879.650390625,15893.5498046875,15779.7001953125,15819.599609375,329300,15771.82998046875,15382.72796875,0.0038816171589777237,0.004267652353982595
2021-07-08,15727.900390625,15727.900390625,15885.75,15682.900390625,15855.400390625,307900,15771.3375,15399.99498046875,-0.0095562557277451,0.0046269356106959795
2021-07-09,15689.7998046875,15689.7998046875,15730.849609375,15632.75,15688.25,243200,15765.860009765625,15415.89296875,-0.0024224839292732447,0.0045597483348800575
2021-07-12,15692.599609375,15692.599609375,15789.2001953125,15644.75,15766.7998046875,216300,15759.897509765626,15437.12296875,0.00017844744498685117,0.004553817168379842
2021-07-13,15812.349609375,15812.349609375,15820.7998046875,15744.599609375,15794.0,246700,15757.052490234375,15460.686953125,0.007630985495128417,0.00481887868839753
2021-07-14,15853.9501953125,15853.9501953125,15877.349609375,15764.2001953125,15808.7001953125,0,15761.372509765624,15487.83595703125,0.0026308921169333477,0.004622729227109375
2021-07-15,15924.2001953125,15924.2001953125,15952.349609375,15855.0,15872.150390625,284900,15773.0125,15513.96296875,0.004431072328003882,0.004546808907060595
2021-07-16,15923.400390625,15923.400390625,15962.25,15882.599609375,15958.349609375,276300,15785.0150390625,15537.93498046875,-5.0225736783704455e-05,0.004541235297985103
2021-07-19,15752.400390625,15752.400390625,15836.900390625,15707.5,15754.5,242100,15785.31005859375,15556.51998046875,-0.010738912280361723,0.005144083284546261
2021-07-20,15632.099609375,15632.099609375,15728.4501953125,15578.5498046875,15703.9501953125,274300,15778.2775390625,15570.31498046875,-0.0076369809214345,0.0054025787503135655
2021-07-22,15824.0498046875,15824.0498046875,15834.7998046875,15726.400390625,15736.599609375,265300,15785.13251953125,15589.7809765625,0.012279233123449584,0.005962319120870737
2021-07-23,15856.0498046875,15856.0498046875,15899.7998046875,15768.400390625,15856.7998046875,294100,15788.4125,15612.97197265625,0.002022238326785386,0.005799654431263219
2021-07-26,15824.4501953125,15824.4501953125,15893.349609375,15797.0,15849.2998046875,267100,15786.617529296875,15635.90498046875,-0.0019929055322251976,0.005732025484541863
2021-07-27,15746.4501953125,15746.4501953125,15881.5498046875,15701.0,15860.5,311000,15783.205029296874,15652.3709765625,-0.004929081202650898,0.005802299657710434
2021-07-28,15709.400390625,15709.400390625,15767.5,15513.4501953125,15761.5498046875,318600,15781.2525390625,15664.3969921875,-0.002352898858342667,0.00575015310352704
2021-07-29,15778.4501953125,15778.4501953125,15817.349609375,15737.7998046875,15762.7001953125,401600,15784.100048828124,15679.36298828125,0.004395444954646832,0.005822244037986721
2021-07-30,15763.0498046875,15763.0498046875,15862.7998046875,15744.849609375,15800.599609375,400000,15788.2525390625,15696.50298828125,-0.000976039499086867,0.005791386791779087
2021-08-02,15885.150390625,15885.150390625,15892.900390625,15834.650390625,15874.900390625,244800,15796.400048828125,15710.7,0.007746000136419795,0.006008376648905644
2021-08-03,16130.75,16130.75,16146.900390625,15914.349609375,15951.5498046875,341300,15811.220068359375,15729.36099609375,0.015460955882416139,0.006734545076062094
2021-08-04,16258.7998046875,16258.7998046875,16290.2001953125,16176.150390625,16195.25,427300,15833.24755859375,15750.36798828125,0.007938242467802281,0.006892786794337662
2021-08-05,16294.599609375,16294.599609375,16349.4501953125,16210.2998046875,16288.9501953125,418200,15853.99501953125,15770.2309765625,0.0022018725316477195,0.006871118029070334
2021-08-06,16238.2001953125,16238.2001953125,16336.75,16223.2998046875,16304.400390625,320100,15879.510009765625,15788.23798828125,-0.003461233501561467,0.006488160716552048
2021-08-09,16258.25,16258.25,16320.75,16179.0498046875,16281.349609375,240500,15907.93251953125,15804.68998046875,0.0012347307242392969,0.006419472640063302
2021-08-10,16280.099609375,16280.099609375,16359.25,16202.25,16274.7998046875,288000,15937.30751953125,15818.6359765625,0.0013439090538649445,0.0064092541733145065
2021-08-11,16282.25,16282.25,16338.75,16162.5498046875,16327.2998046875,277900,15960.8025390625,15832.783984375,0.00013208706805212245,0.006271678004903222
2021-08-12,16364.400390625,16364.400390625,16375.5,16286.900390625,16303.650390625,280200,15986.325048828125,15848.54798828125,0.005045395484346349,0.006317986129523668
2021-08-13,16529.099609375,16529.099609375,16543.599609375,16376.2998046875,16385.69921875,321900,16016.57001953125,15865.32298828125,0.010064482340847336,0.0065711306979285376
2021-08-16,16563.05078125,16563.05078125,16589.400390625,16480.75,16518.400390625,254000,16048.5525390625,15883.17900390625,0.002054024277023725,0.006555319070648056
2021-08-17,16614.599609375,16614.599609375,16628.55078125,16495.400390625,16545.25,297400,16091.6625,15900.43798828125,0.0031122785775283823,0.005831272974772781
2021-08-18,16568.849609375,16568.849609375,16701.849609375,16535.849609375,16691.94921875,251800,16138.5,15917.01298828125,-0.00275360231817956,0.00546723634041023
2021-08-20,16450.5,16450.5,16509.55078125,16376.0498046875,16382.5,350800,16169.822509765625,15933.31599609375,-0.007142898400624986,0.005443727613405232
2021-08-23,16496.44921875,16496.44921875,16592.5,16395.69921875,16592.25,275600,16201.84248046875,15948.48998046875,0.0027931806783987323,0.005446941339947694
2021-08-24,16624.599609375,16624.599609375,16647.099609375,16495.30078125,16561.400390625,275400,16241.849951171875,15964.99498046875,0.007768362083601765,0.005507720988429431
2021-08-25,16634.650390625,16634.650390625,16712.44921875,16617.5,16654.0,265900,16286.2599609375,15981.45099609375,0.0006045728309951315,0.005248633284295863
2021-08-26,16636.900390625,16636.900390625,16683.69921875,16603.400390625,16627.94921875,253500,16332.6349609375,15996.80400390625,0.00013525983096518424,0.005149607287602769
2021-08-27,16705.19921875,16705.19921875,16722.05078125,16565.599609375,16642.55078125,217400,16378.972412109375,16015.5569921875,0.004105261588480014,0.005145534327808462
2021-08-30,16931.05078125,16931.05078125,16951.5,16764.849609375,16775.849609375,283500,16437.3724609375,16040.35,0.013519836521704187,0.0055779854222323
2021-08-31,17132.19921875,17132.19921875,17153.5,16915.849609375,16947.5,464400,16499.72490234375,16069.3269921875,0.011880446175423387,0.0058116331446377255
2021-09-01,17076.25,17076.25,17225.75,17055.05078125,17185.599609375,301900,16546.99990234375,16095.9219921875,-0.00326573477436376,0.005322288688008998
2021-09-02,17234.150390625,17234.150390625,17245.5,17059.69921875,17095.400390625,242400,16595.767431640626,16125.15,0.009246783727399066,0.005395469691371938
2021-09-03,17323.599609375,17323.599609375,17340.099609375,17212.19921875,17262.44921875,261400,16647.217431640624,16157.88298828125,0.005190230833697296,0.005415557744276529
2021-09-06,17377.80078125,17377.80078125,17429.55078125,17345.55078125,17399.349609375,228000,16704.1974609375,16189.63,0.0031287476677577253,0.005192481595691539
2021-09-07,17362.099609375,17362.099609375,17436.5,17287.0,17401.55078125,243400,16759.38994140625,16219.665,-0.0009035189246697772,0.005261183152088861
2021-09-08,17353.5,17353.5,17383.400390625,17254.19921875,17375.75,252700,16813.0599609375,16250.44099609375,-0.0004953092983268625,0.005313046159096592
2021-09-09,17369.25,17369.25,17379.650390625,17302.69921875,17312.849609375,241500,16867.4099609375,16282.8569921875,0.0009075978909154347,0.005292182042807534
2021-09-13,17355.30078125,17355.30078125,17378.349609375,17269.150390625,17363.55078125,241100,16916.95498046875,16315.5330078125,-0.000803098507419775,0.005349017868505499
2021-09-14,17380.0,17380.0,17438.55078125,17367.05078125,17420.349609375,230400,16959.5,16349.5330078125,0.001423151293159064,0.00508732466372866
2021-09-15,17519.44921875,17519.44921875,17532.69921875,17386.900390625,17387.650390625,388200,17007.319921875,16385.47798828125,0.00802354538262362,0.005231300887125168
2021-09-16,17629.5,17629.5,17644.599609375,17510.44921875,17539.19921875,503300,17058.06494140625,16421.38099609375,0.006281634763507293,0.005288194988028152
2021-09-17,17585.150390625,17585.150390625,17792.94921875,17537.650390625,17709.650390625,508300,17108.87998046875,16456.71900390625,-0.002515647600612625,0.005274861817074722
2021-09-20,17396.900390625,17396.900390625,17622.75,17361.80078125,17443.849609375,339100,17156.2,16487.06400390625,-0.010705054879733056,0.005679756204587907
2021-09-21,17562.0,17562.0,17578.349609375,17326.099609375,17450.5,363600,17209.4775390625,16523.74599609375,0.00949017386246398,0.005872479996432678
2021-09-22,17546.650390625,17546.650390625,17610.44921875,17524.0,17580.900390625,295200,17255.580078125,16560.8830078125,-0.0008740239935656202,0.005832658794505949
2021-09-23,17822.94921875,17822.94921875,17843.900390625,17646.55078125,17670.849609375,320500,17314.99501953125,16603.49,0.015746528367181822,0.006489537358176944
2021-09-24,17853.19921875,17853.19921875,17947.650390625,17819.400390625,17897.44921875,360100,17375.8099609375,16644.3069921875,0.0016972499684944076,0.006456533703257589
2021-09-27,17855.099609375,17855.099609375,17943.5,17802.900390625,17932.19921875,295700,17433.30498046875,16684.32998046875,0.00010644538279747096,0.006500329784669372
2021-09-28,17748.599609375,17748.599609375,17912.849609375,17576.099609375,17906.44921875,398000,17474.182421875,16720.81796875,-0.0059646824901542495,0.006355034119494264
2021-09-29,17711.30078125,17711.30078125,17781.75,17608.150390625,17657.94921875,562200,17503.1375,16756.5759765625,-0.0021015082285871234,0.006014837179101507
2021-09-30,17618.150390625,17618.150390625,17742.150390625,17585.349609375,17718.900390625,378600,17530.23251953125,16793.8909765625,-0.005259376020738893,0.006116783080639614
2021-10-01,17532.05078125,17532.05078125,17557.150390625,17452.900390625,17531.900390625,305800,17545.1275390625,16831.89,-0.004886983449795879,0.005999859147478033
2021-10-04,17691.25,17691.25,17750.900390625,17581.349609375,17615.55078125,295800,17563.51005859375,16869.23400390625,0.009080467581137563,0.006206639384880449
2021-10-05,17822.30078125,17822.30078125,17833.44921875,17640.900390625,17661.349609375,427000,17585.73505859375,16908.5590234375,0.007407660919946268,0.0063533963155537575
2021-10-06,17646.0,17646.0,17884.599609375,17613.150390625,17861.5,395800,17599.930078125,16944.99001953125,-0.009892144870289554,0.006817184981504641
2021-10-07,17790.349609375,17790.349609375,17857.55078125,17763.80078125,17810.55078125,419900,17621.77255859375,16985.8680078125,0.008180302016037588,0.007001712540832445
2021-10-08,17895.19921875,17895.19921875,17941.849609375,17840.349609375,17886.849609375,324100,17648.07001953125,17029.583984375,0.005893622760496431,0.007076603118020514
2021-10-11,17945.94921875,17945.94921875,18041.94921875,17839.099609375,17867.55078125,375800,17677.60244140625,17072.93396484375,0.0028359561343596074,0.00706059057394355
2021-10-12,17991.94921875,17991.94921875,18008.650390625,17864.94921875,17915.80078125,355600,17708.19990234375,17117.511953125,0.0025632525445875576,0.007062853680812988
2021-10-13,18161.75,18161.75,18197.80078125,18050.75,18097.849609375,506700,17740.31494140625,17163.0439453125,0.00943759784921161,0.0071356066482385246
2021-10-14,18338.55078125,18338.55078125,18350.75,18248.69921875,18272.849609375,538700,17775.76748046875,17207.1999609375,0.009734787740718787,0.007289214396376982
2021-10-18,18477.05078125,18477.05078125,18543.150390625,18445.30078125,18500.099609375,469900,17820.3625,17251.56498046875,0.007552396132719963,0.007308666763068761
2021-10-19,18418.75,18418.75,18604.44921875,18377.69921875,18602.349609375,368200,17871.45498046875,17294.04798828125,-0.003155307734996393,0.0067654014218171
2021-10-20,18266.599609375,18266.599609375,18458.30078125,18209.349609375,18439.900390625,371300,17906.6849609375,17334.6159765625,-0.008260625212080042,0.007012371004103604
2021-10-21,18178.099609375,18178.099609375,18384.19921875,18048.0,18382.69921875,365900,17938.257421875,17373.01296875,-0.004844908296702255,0.007152603728193172
2021-10-22,18114.900390625,18114.900390625,18314.25,18034.349609375,18230.69921875,324700,17952.85498046875,17409.708984375,-0.003476668084567369,0.006434477748769559
2021-10-25,18125.400390625,18125.400390625,18241.400390625,17968.5,18229.5,418700,17966.4650390625,17446.5719921875,0.000579633328010587,0.006431423654519688
2021-10-26,18268.400390625,18268.400390625,18310.44921875,18099.30078125,18154.5,341400,17987.130078125,17484.6519921875,0.007889480889700096,0.006621407864033302
2021-10-27,18210.94921875,18210.94921875,18342.05078125,18167.900390625,18295.849609375,335200,18010.24755859375,17518.288984375,-0.0031448386638428527,0.006490312246913288
2021-10-28,17857.25,17857.25,18190.69921875,17799.44921875,18187.650390625,374200,18017.54501953125,17544.17296875,-0.0194223384240636,0.00795855520409204
2021-10-29,17671.650390625,17671.650390625,17915.849609375,17613.099609375,17833.05078125,336500,18020.22001953125,17565.313984375,-0.010393515763905459,0.008230251544175808
2021-11-01,17929.650390625,17929.650390625,17954.099609375,17697.099609375,17783.150390625,281200,18040.1,17592.53,0.014599655057507821,0.008736245690029237
2021-11-02,17888.94921875,17888.94921875,18012.25,17847.599609375,17970.900390625,296400,18049.9849609375,17621.298984375,-0.002270048271341696,0.008561440997981765
2021-11-03,17829.19921875,17829.19921875,17988.75,17757.94921875,17947.94921875,331000,18050.3298828125,17647.953984375,-0.0033400508475575075,0.008447582320662332
2021-11-04,17916.80078125,17916.80078125,17947.55078125,17900.599609375,17935.05078125,48500,18063.869921875,17673.7980078125,0.004913376165984751,0.00817447643726468
2021-11-08,18068.55078125,18068.55078125,18087.80078125,17836.099609375,18040.19921875,338900,18077.77998046875,17702.476015625,0.008469704042186388,0.008188484408722482
2021-11-09,18044.25,18044.25,18112.599609375,17983.05078125,18084.349609375,270200,18085.23251953125,17730.6230078125,-0.001344921435271762,0.008111482399765309
2021-11-10,18017.19921875,18017.19921875,18061.25,17915.0,17973.44921875,261400,18088.79501953125,17756.8630078125,-0.0014991358050348014,0.008102176231829817
2021-11-11,17873.599609375,17873.599609375,17971.349609375,17798.19921875,17967.44921875,232100,18082.8775390625,17775.713984375,-0.007970140510272006,0.008282821196353839
2021-11-12,18102.75,18102.75,18123.0,17905.900390625,17977.599609375,249100,18079.9275390625,17795.125,0.012820606684330382,0.008523146101680574
2021-11-15,18109.44921875,18109.44921875,18210.150390625,18071.30078125,18140.94921875,280400,18068.4724609375,17815.788984375,0.0003700663573213969,0.008204049963626342
2021-11-16,17999.19921875,17999.19921875,18132.650390625,17958.80078125,18127.05078125,267400,18044.5798828125,17831.0899609375,-0.006087981951756416,0.008056623463027405
2021-11-17,17898.650390625,17898.650390625,18022.650390625,17879.25,17939.349609375,295700,18018.57490234375,17842.5909765625,-0.005586294529162039,0.008104625543343293
2021-11-18,17764.80078125,17764.80078125,17945.599609375,17688.5,17890.55078125,278400,17993.4849609375,17850.3309765625,-0.007478195643460861,0.008071586749408633
2021-11-22,17416.55078125,17416.55078125,17805.25,17280.44921875,17796.25,356400,17955.40751953125,17851.42,-0.019603372100156835,0.009025171795504272
2021-11-23,17503.349609375,17503.349609375,17553.69921875,17216.099609375,17281.75,308800,17924.82998046875,17854.4169921875,0.004983697932798847,0.009154533810043513
2021-11-24,17415.05078125,17415.05078125,17600.599609375,17354.0,17550.05078125,298100,17889.3125,17855.3330078125,-0.0050446817378146935,0.00916798151116357
2021-11-25,17536.25,17536.25,17564.349609375,17351.69921875,17417.30078125,255900,17852.70498046875,17858.9519921875,0.006959452503032093,0.009117630711766595
2021-11-26,17026.44921875,17026.44921875,17355.400390625,16985.69921875,17338.75,356300,17793.47998046875,17851.8809765625,-0.029071254187753914,0.010947835696066903
2021-11-29,17053.94921875,17053.94921875,17160.69921875,16782.400390625,17055.80078125,348900,17753.31494140625,17842.5709765625,0.0016151341742889347,0.01030926326428146
2021-11-30,16983.19921875,16983.19921875,17324.650390625,16931.400390625,17051.150390625,498000,17718.8923828125,17829.6449609375,-0.004148599194972014,0.010142793297315022
2021-12-01,17166.900390625,17166.900390625,17213.05078125,17064.25,17104.400390625,295500,17680.7548828125,17821.2799609375,0.01081664117042136,0.009849226325305454
2021-12-02,17401.650390625,17401.650390625,17420.349609375,17149.30078125,17183.19921875,279900,17656.38994140625,17821.3749609375,0.013674571102433752,0.010463031175646273
2021-12-03,17196.69921875,17196.69921875,17489.80078125,17180.80078125,17424.900390625,292500,17624.76494140625,17814.0689453125,-0.01177768586739425,0.010715509132081977
2021-12-06,16912.25,16912.25,17216.75,16891.69921875,17209.05078125,231700,17574.53740234375,17801.3809375,-0.01654091957599968,0.011081042453143206
2021-12-07,17176.69921875,17176.69921875,17251.650390625,16987.75,17044.099609375,254100,17529.94482421875,17788.4559375,0.015636548581649423,0.011570493686536199
2021-12-08,17469.75,17469.75,17484.599609375,17308.94921875,17315.25,257800,17501.21982421875,17780.786953125,0.017060948527881648,0.012368627814641568
2021-12-09,17516.849609375,17516.849609375,17543.25,17379.599609375,17524.400390625,237200,17476.20234375,17774.021953125,0.002696066593683266,0.012404940327635547
2021-12-10,17511.30078125,17511.30078125,17534.349609375,17405.25,17476.05078125,204500,17458.08740234375,17769.2759765625,-0.00031677089480919296,0.012307106440982991
2021-12-13,17368.25,17368.25,17639.5,17355.94921875,17619.099609375,256600,17421.36240234375,17762.4149609375,-0.008169055116863166,0.011960996129291926
2021-12-14,17324.900390625,17324.900390625,17376.19921875,17225.80078125,17283.19921875,271000,17382.1349609375,17756.5499609375,-0.002495911181322197,0.011948260858088748
2021-12-15,17221.400390625,17221.400390625,17351.19921875,17192.19921875,17323.650390625,215000,17343.24501953125,17750.336953125,-0.005974060321640162,0.011946308626095923
2021-12-16,17248.400390625,17248.400390625,17379.349609375,17184.94921875,17373.0,219500,17310.73251953125,17741.4799609375,0.0015678167505297491,0.01194473559156788
2021-12-17,16985.19921875,16985.19921875,17298.150390625,16966.44921875,17276.0,354600,17271.75244140625,17724.7379296875,-0.01525945397337003,0.012262584971094266
2021-12-20,16614.19921875,16614.19921875,16840.099609375,16410.19921875,16824.25,330600,17231.63486328125,17704.1019140625,-0.021842546279377872,0.012439086895696533
2021-12-21,16770.849609375,16770.849609375,16936.400390625,16688.25,16773.150390625,241000,17195.00986328125,17683.7119140625,0.00942870544420904,0.012614203995248775
2021-12-22,16955.44921875,16955.44921875,16971.0,16819.5,16865.55078125,207900,17172.02978515625,17664.9169140625,0.011007170994593363,0.012921178551899594
2021-12-23,17072.599609375,17072.599609375,17118.650390625,17015.55078125,17066.80078125,197000,17148.847265625,17647.449921875,0.006909306212627531,0.01291950508669646
2021-12-24,17003.75,17003.75,17155.599609375,16909.599609375,17149.5,182600,17147.7123046875,17627.6859375,-0.004032754879180422,0.011178440040993025
2021-12-27,17086.25,17086.25,17112.05078125,16833.19921875,16937.75,144800,17149.32734375,17606.1759375,0.004851870910828504,0.011226491147817541
2021-12-28,17233.25,17233.25,17250.25,17161.150390625,17177.599609375,176000,17161.8298828125,17584.069921875,0.008603409174043453,0.011330866727582274
2021-12-29,17213.599609375,17213.599609375,17285.94921875,17176.650390625,17220.099609375,161700,17164.16484375,17558.8008984375,-0.0011402602889762914,0.011086926297552768
2021-12-30,17203.94921875,17203.94921875,17264.05078125,17146.349609375,17201.44921875,320800,17154.27978515625,17534.5048828125,-0.0005606259494814747,0.010623212765997222
2021-12-31,17354.05078125,17354.05078125,17400.80078125,17238.5,17244.5,167000,17162.14736328125,17516.25390625,0.008724831757606522,0.010467513405377193
2022-01-03,17625.69921875,17625.69921875,17646.650390625,17383.30078125,17387.150390625,200500,17197.81982421875,17505.2058984375,0.015653315812207858,0.010179229862583794
2022-01-04,17805.25,17805.25,17827.599609375,17593.55078125,17681.400390625,247400,17229.24736328125,17499.012890625,0.01018687423526421,0.00986642920690275
2022-01-05,17925.25,17925.25,17944.69921875,17748.849609375,17820.099609375,251500,17252.02236328125,17495.0098828125,0.0067395852346920915,0.00928123820591279
2022-01-06,17745.900390625,17745.900390625,17797.94921875,17655.55078125,17768.5,236500,17263.47490234375,17484.5598828125,-0.010005417462796928,0.00961144295005324
2022-01-07,17812.69921875,17812.69921875,17905.0,17704.55078125,17797.599609375,239300,17278.54482421875,17476.5948828125,0.003764183651131514,0.009632156004146266
2022-01-10,18003.30078125,18003.30078125,18017.44921875,17879.150390625,17913.30078125,232400,17310.29736328125,17479.5158984375,0.010700318921871732,0.009621432079737055
2022-01-11,18055.75,18055.75,18081.25,17964.400390625,17997.75,220200,17346.83984375,17487.197890625,0.002913311252602302,0.009568978878864858
2022-01-12,18212.349609375,18212.349609375,18227.94921875,18128.80078125,18170.400390625,245000,17396.3873046875,17492.851875,0.008673115731830494,0.009477633312731226
2022-01-13,18257.80078125,18257.80078125,18272.25,18163.80078125,18257.0,303700,17446.85732421875,17500.22890625,0.0024956237305924223,0.009473326976946897
2022-01-14,18255.75,18255.75,18286.94921875,18119.650390625,18185.0,229500,17510.38486328125,17508.759921875,-0.00011232356375068253,0.008501572745272929
2022-01-17,18308.099609375,18308.099609375,18321.55078125,18228.75,18235.650390625,266700,17595.0798828125,17516.5858984375,0.0028675682661627455,0.006041851303581542
2022-01-18,18113.05078125,18113.05078125,18350.94921875,18085.900390625,18337.19921875,227500,17662.18994140625,17517.4758984375,-0.010653690567923424,0.006860072285074231
2022-01-19,17938.400390625,17938.400390625,18129.19921875,17884.900390625,18129.19921875,276700,17711.3375,17515.35890625,-0.00964224043394124,0.007272354403330111
2022-01-20,17757.0,17757.0,17943.69921875,17648.44921875,17921.0,258100,17745.55751953125,17510.154921875,-0.010112406160797005,0.007752099100244678
2022-01-21,17617.150390625,17617.150390625,17707.599609375,17485.849609375,17613.69921875,277600,17776.2275390625,17505.0259375,-0.007875745304668613,0.007954378520656936
2022-01-24,17149.099609375,17149.099609375,17599.400390625,16997.849609375,17575.150390625,323800,17779.37001953125,17485.9529296875,-0.02656790518738339,0.010126719859654004
2022-01-25,17277.94921875,17277.94921875,17309.150390625,16836.80078125,17001.55078125,326500,17781.60498046875,17469.3229296875,0.007513491221694313,0.010082136704127114
2022-01-27,17110.150390625,17110.150390625,17182.5,16866.75,17062.0,395600,17776.43251953125,17451.541953125,-0.00971173291462768,0.010320488068095063
2022-01-28,17101.94921875,17101.94921875,17373.5,17077.099609375,17208.30078125,355300,17771.33251953125,17435.6079296875,-0.0004793161771092791,0.01032037548380842
2022-01-31,17339.849609375,17339.849609375,17410.0,17264.150390625,17301.05078125,321700,17770.6224609375,17427.10890625,0.0139107178709299,0.010618478080519786
2022-02-01,17576.849609375,17576.849609375,17622.400390625,17244.55078125,17529.44921875,386400,17768.17998046875,17430.3148828125,0.013667938611870323,0.010472846371697195
2022-02-02,17780.0,17780.0,17794.599609375,17674.80078125,17706.19921875,271200,17766.91748046875,17435.847890625,0.011557838585399605,0.010547845551182369
2022-02-03,17560.19921875,17560.19921875,17781.150390625,17511.150390625,17767.75,226600,17748.66494140625,17438.750859375,-0.012362248664229525,0.010766324086545672
2022-02-04,17516.30078125,17516.30078125,17617.80078125,17462.55078125,17590.19921875,261400,17737.1849609375,17438.351875,-0.0024998826581151823,0.010563816827998682
2022-02-07,17213.599609375,17213.599609375,17536.75,17119.400390625,17456.30078125,265000,17707.22998046875,17442.0948828125,-0.017281112927623465,0.0111389704780188
2022-02-08,17266.75,17266.75,17306.44921875,17043.650390625,17279.849609375,268500,17670.40244140625,17446.3508984375,0.0030876976246183574,0.010820242746181024
2022-02-09,17463.80078125,17463.80078125,17477.150390625,17339.0,17370.099609375,236400,17640.80498046875,17455.9629296875,0.01141215233034587,0.011185349044957927
2022-02-10,17605.849609375,17605.849609375,17639.44921875,17427.150390625,17554.099609375,273600,17610.47998046875,17464.7419140625,0.008133901085124018,0.011159890477031345
2022-02-11,17374.75,17374.75,17454.75,17303.0,17451.0,253100,17566.32744140625,17464.20390625,-0.01312629691281364,0.011399863984413587
2022-02-14,16842.80078125,16842.80078125,17099.5,16809.650390625,17076.150390625,305500,17495.67998046875,17457.1259375,-0.03061622289529342,0.013003529645465448
2022-02-15,17352.44921875,17352.44921875,17375.0,16839.25,16933.25,298700,17447.8974609375,17465.929921875,0.03025912638397754,0.01504100469831762
2022-02-16,17322.19921875,17322.19921875,17490.599609375,17257.69921875,17408.44921875,244500,17408.3548828125,17468.839921875,-0.0017432697608654735,0.01492042002982169
2022-02-17,17304.599609375,17304.599609375,17442.900390625,17235.849609375,17396.55078125,232100,17376.66484375,17465.5369140625,-0.001016014719190439,0.014815956866199471
2022-02-18,17276.30078125,17276.30078125,17380.80078125,17219.19921875,17236.05078125,189600,17352.6298828125,17460.7259375,-0.0016353356196504576,0.014683061830652436
2022-02-21,17206.650390625,17206.650390625,17351.05078125,17070.69921875,17192.25,215200,17332.1048828125,17454.6329296875,-0.004031556958107085,0.014617031427302807
2022-02-22,17092.19921875,17092.19921875,17148.55078125,16843.80078125,16847.94921875,300100,17329.25986328125,17449.1119140625,-0.006651566067580439,0.01341822645361899
2022-02-23,17063.25,17063.25,17220.69921875,17027.849609375,17194.5,200200,17318.52490234375,17443.87890625,-0.0016937094155936583,0.013301406293758124
2022-02-24,16247.9501953125,16247.9501953125,16705.25,16203.25,16548.900390625,458000,17275.414892578126,17424.40990234375,-0.04778103847083648,0.016915704760300382
2022-02-25,16658.400390625,16658.400390625,16748.80078125,16478.30078125,16515.650390625,329800,17253.237451171874,17412.60990234375,0.025261660109649586,0.018016534970012814
2022-02-28,16793.900390625,16793.900390625,16815.900390625,16356.2998046875,16481.599609375,404200,17225.939990234376,17408.78392578125,0.008134034290366632,0.017807345667454955
2022-03-02,16605.94921875,16605.94921875,16678.5,16478.650390625,16593.099609375,517700,17177.394970703124,17408.61892578125,-0.011191633122935585,0.0175627689845316
2022-03-03,16498.05078125,16498.05078125,16768.94921875,16442.94921875,16723.19921875,442100,17113.297509765624,17403.16294921875,-0.00649757722841704,0.017253211605242045
2022-03-04,16245.349609375,16245.349609375,16456.0,16133.7998046875,16339.4501953125,456100,17047.555029296876,17388.96095703125,-0.015317032007332254,0.01734467278573225
2022-03-07,15863.150390625,15863.150390625,15944.599609375,15711.4501953125,15867.9501953125,585400,16964.897509765626,17364.77197265625,-0.02352668473994779,0.017894129857666866
2022-03-08,16013.4501953125,16013.4501953125,16028.75,15671.4501953125,15747.75,543600,16904.8900390625,17344.9659765625,0.009474776509483585,0.017911352828890854
2022-03-09,16345.349609375,16345.349609375,16418.05078125,15990.0,16078.0,462200,16858.82001953125,17330.14796875,0.020726290088294297,0.018668611547325076
2022-03-10,16594.900390625,16594.900390625,16757.30078125,16447.900390625,16757.099609375,486400,16815.375,17317.3809765625,0.01526738719047449,0.018839715557827177
2022-03-11,16630.44921875,16630.44921875,16694.400390625,16470.900390625,16528.80078125,343700,16766.60498046875,17305.71796875,0.0021421537513466316,0.018710949494781026
2022-03-14,16871.30078125,16871.30078125,16887.94921875,16606.5,16633.69921875,314700,16741.43251953125,17299.065,0.014482565042708062,0.018916861788970934
2022-03-15,16663.0,16663.0,16927.75,16555.0,16900.650390625,381600,16732.44248046875,17285.243984375,-0.012346456503312231,0.017836855564974996
2022-03-16,16975.349609375,16975.349609375,16987.900390625,16837.849609375,16876.650390625,260000,16713.5875,17272.2369921875,0.018745100484606647,0.016960019697631022
2022-03-17,17287.05078125,17287.05078125,17344.599609375,17175.75,17202.900390625,448300,16711.830078125,17261.8730078125,0.018361988356508263,0.017498441343120213
2022-03-21,17117.599609375,17117.599609375,17353.349609375,17096.400390625,17329.5,285500,16702.480078125,17245.72,-0.009802202470463706,0.01763623928693479
2022-03-22,17315.5,17315.5,17334.400390625,17006.30078125,17120.400390625,338300,16704.4400390625,17237.1119921875,0.011561223252155806,0.017833114146486462
2022-03-23,17245.650390625,17245.650390625,17442.400390625,17199.599609375,17405.05078125,292100,16706.3900390625,17225.771015625,-0.0040339354552280104,0.017833144321381177
2022-03-24,17222.75,17222.75,17291.75,17091.150390625,17094.94921875,290300,16712.917578125,17210.16,-0.0013278937068936791,0.017764057254607276
2022-03-25,17153.0,17153.0,17294.900390625,17076.55078125,17289.0,237100,16717.405078125,17192.105,-0.004049875890900112,0.017787391852170924
2022-03-28,17222.0,17222.0,17235.099609375,17003.900390625,17181.849609375,253200,16766.107568359374,17172.2980078125,0.004022619949862971,0.013702668893425559
2022-03-29,17325.30078125,17325.30078125,17343.650390625,17235.69921875,17297.19921875,235100,16799.452587890624,17153.6480078125,0.005998187274997013,0.01269587531927352
2022-03-30,17498.25,17498.25,17522.5,17387.19921875,17468.150390625,505000,16834.670068359374,17138.4980078125,0.009982465582194733,0.012749179881022728
2022-03-31,17464.75,17464.75,17559.80078125,17435.19921875,17519.19921875,281100,16877.610107421875,17121.631015625,-0.001914477162001882,0.012402912370204222
2022-04-01,17670.44921875,17670.44921875,17703.69921875,17422.69921875,17436.900390625,291800,16936.230029296876,17112.778984375,0.011777965258592316,0.012370754407702878
2022-04-04,18053.400390625,18053.400390625,18114.650390625,17791.400390625,17809.099609375,345500,17026.632568359375,17115.078984375,0.021671841339984343,0.012171089243053467
2022-04-05,17957.400390625,17957.400390625,18095.44921875,17921.55078125,18080.599609375,283500,17131.345068359376,17119.0869921875,-0.005317557796472028,0.010456778669153033
2022-04-06,17807.650390625,17807.650390625,17901.0,17779.849609375,17842.75,328800,17221.055078125,17122.8969921875,-0.008339180323571727,0.010918044869635353
2022-04-07,17639.55078125,17639.55078125,17787.5,17623.69921875,17723.30078125,308800,17285.76513671875,17132.706015625,-0.00943974110495216,0.010769136621430303
2022-04-08,17784.349609375,17784.349609375,17842.75,17600.55078125,17698.150390625,274400,17345.23759765625,17142.8340234375,0.008208759390795572,0.010488025066296784
2022-04-11,17674.94921875,17674.94921875,17779.05078125,17650.94921875,17740.900390625,251700,17397.46259765625,17154.13,-0.006151497975913078,0.010707010153795377
2022-04-12,17530.30078125,17530.30078125,17595.30078125,17442.349609375,17584.849609375,266000,17430.41259765625,17162.69703125,-0.008183810641252287,0.010638654430369248
2022-04-13,17475.650390625,17475.650390625,17663.650390625,17457.400390625,17599.900390625,245100,17471.0451171875,17165.413046875,-0.0031174816283502382,0.010174993932672693
2022-04-18,17173.650390625,17173.650390625,17237.75,17067.849609375,17183.44921875,376100,17480.96015625,17157.3490625,-0.017281188010147552,0.010323000408207349
2022-04-19,16958.650390625,16958.650390625,17275.650390625,16824.69921875,17258.94921875,401400,17464.54013671875,17140.9220703125,-0.012519178806467801,0.009829061402884108
2022-04-20,17136.55078125,17136.55078125,17186.900390625,16978.94921875,17045.25,286100,17465.4876953125,17132.4491015625,0.010490244596548015,0.009910162726276605
2022-04-21,17392.599609375,17392.599609375,17414.69921875,17215.5,17234.599609375,285200,17469.34267578125,17129.975078125,0.014941678252146096,0.01014200984018673
2022-04-22,17171.94921875,17171.94921875,17315.30078125,17149.19921875,17242.75,262700,17465.6576171875,17129.1420703125,-0.012686452605167986,0.01051306188750919
2022-04-25,16953.94921875,16953.94921875,17054.30078125,16888.69921875,17009.05078125,275700,17452.217578125,17122.8860546875,-0.012695122564301942,0.010880282168102435
2022-04-26,17200.80078125,17200.80078125,17223.849609375,17064.44921875,17121.30078125,261100,17454.6076171875,17117.6260546875,0.014560121616207233,0.011366347510755475
2022-04-27,17038.400390625,17038.400390625,17110.69921875,16958.44921875,17073.349609375,265100,17445.42763671875,17106.2770703125,-0.009441443610115341,0.011525658454800405
2022-04-28,17245.05078125,17245.05078125,17322.5,17071.05078125,17189.5,312900,17441.41513671875,17103.6830859375,0.012128508890934642,0.011785395602085393
2022-04-29,17102.55078125,17102.55078125,17377.650390625,17053.25,17329.25,336200,17421.63017578125,17108.8780859375,-0.008263240381694681,0.011664011176607524
2022-05-02,17069.099609375,17069.099609375,17092.25,16917.25,16924.44921875,278200,17401.84765625,17103.21109375,-0.0019559171203674675,0.011664171163649125
2022-05-04,16677.599609375,16677.599609375,17132.849609375,16623.94921875,17096.599609375,310600,17352.20517578125,17090.3191015625,-0.022936183451936376,0.01221964058558537
2022-05-05,16682.650390625,16682.650390625,16945.69921875,16651.849609375,16854.75,265800,17283.66767578125,17077.8801171875,0.00030284821366977077,0.010819814259468586
2022-05-06,16411.25,16411.25,16484.19921875,16340.900390625,16415.55078125,300500,17206.36015625,17060.5791015625,-0.0162684216398562,0.01116763328663792
2022-05-09,16301.849609375,16301.849609375,16403.69921875,16142.099609375,16227.7001953125,288400,17131.0701171875,17042.4830859375,-0.006666182687180999,0.011143067989469574
2022-05-10,16240.0498046875,16240.0498046875,16404.55078125,16197.2998046875,16248.900390625,283100,17061.095068359376,17025.44009765625,-0.003790968888092272,0.011078637776028875
2022-05-11,16167.099609375,16167.099609375,16318.75,15992.599609375,16270.0498046875,284300,16980.232568359374,17007.51708984375,-0.0044919933245182175,0.010695370667145898
2022-05-12,15808.0,15808.0,16041.9501953125,15735.75,16021.099609375,314900,16886.885107421876,16998.7180859375,-0.022211752141785834,0.011390311911500616
2022-05-13,15782.150390625,15782.150390625,16083.599609375,15740.849609375,15977.0,369100,16799.477587890626,16981.1930859375,-0.0016352232651188903,0.011403348167375154
2022-05-16,15842.2998046875,15842.2998046875,15977.9501953125,15739.650390625,15845.099609375,217600,16717.81005859375,16962.16107421875,0.0038112305721171857,0.011573188439001686
2022-05-17,16259.2998046875,16259.2998046875,16284.25,15900.7998046875,15912.599609375,295700,16672.092529296875,16955.2280859375,0.026321935902047233,0.013109302013396907
2022-05-18,16240.2998046875,16240.2998046875,16399.80078125,16211.2001953125,16318.150390625,290400,16636.175,16950.07306640625,-0.0011685620062508173,0.01290365224998303
2022-05-19,15809.400390625,15809.400390625,15984.75,15775.2001953125,15917.400390625,313900,16569.81748046875,16941.35408203125,-0.026532725334179386,0.01363966170736454
2022-05-20,16266.150390625,16266.150390625,16283.0498046875,16003.849609375,16043.7998046875,252400,16513.49501953125,16949.41408203125,0.028891038794289337,0.014949435459044053
2022-05-23,16214.7001953125,16214.7001953125,16414.69921875,16185.75,16290.9501953125,293800,16465.632568359375,16953.43908203125,-0.0031630222318707046,0.014783337660057218
2022-05-24,16125.150390625,16125.150390625,16262.7998046875,16078.599609375,16225.5498046875,249800,16424.192626953125,16949.03509765625,-0.005522754266735541,0.014615694560456399
2022-05-25,16025.7998046875,16025.7998046875,16223.349609375,16006.9501953125,16196.349609375,243300,16365.442578125,16937.6530859375,-0.006161219184365629,0.0140744572607896
2022-05-26,16170.150390625,16170.150390625,16204.4501953125,15903.7001953125,16105.0,314300,16322.030078125,16928.447109375,0.009007387318995308,0.014263560448044724
2022-05-27,16352.4501953125,16352.4501953125,16370.599609375,16221.9501953125,16296.599609375,274100,16277.400048828125,16918.07009765625,0.011273847198922216,0.01421858857963218
2022-05-30,16661.400390625,16661.400390625,16695.5,16506.150390625,16527.900390625,251400,16255.342529296875,16918.03810546875,0.018893205092962884,0.014924242794529693
2022-05-31,16584.55078125,16584.55078125,16690.75,16521.900390625,16578.44921875,651600,16231.115087890625,16910.22212890625,-0.004612433983534836,0.014943132493913346
2022-06-01,16522.75,16522.75,16649.19921875,16438.849609375,16594.400390625,249600,16223.372607421876,16894.93611328125,-0.0037264067061659745,0.014073541717078463
2022-06-02,16628.0,16628.0,16646.400390625,16443.05078125,16481.650390625,236000,16220.640087890624,16885.14412109375,0.006370004993115463,0.014154024564889964
2022-06-03,16584.30078125,16584.30078125,16793.849609375,16567.900390625,16761.650390625,245500,16229.292626953125,16870.52013671875,-0.002628050201467391,0.013652106873745776
2022-06-06,16569.55078125,16569.55078125,16610.94921875,16444.55078125,16530.69921875,233600,16242.677685546874,16856.99814453125,-0.0008893953501298846,0.013550731335737242
2022-06-07,16416.349609375,16416.349609375,16487.25,16347.099609375,16469.599609375,233800,16251.49267578125,16840.87013671875,-0.009245946006475991,0.013704186629494734
2022-06-08,16356.25,16356.25,16514.30078125,16293.349609375,16474.94921875,243500,16260.9501953125,16824.93513671875,-0.0036609606157923524,0.013689094046280834
2022-06-09,16478.099609375,16478.099609375,16492.80078125,16243.849609375,16263.849609375,205000,16294.45517578125,16810.05712890625,0.00744972774168895,0.012646622864345196
2022-06-10,16201.7998046875,16201.7998046875,16324.7001953125,16172.599609375,16283.9501953125,189700,16315.437646484375,16787.587109375,-0.016767698414100085,0.013319978273165634
2022-06-13,15774.400390625,15774.400390625,15886.150390625,15684.0,15877.5498046875,225500,16312.04267578125,16753.1101171875,-0.026379749115209128,0.01467392373334501
2022-06-14,15732.099609375,15732.099609375,15858.0,15659.4501953125,15674.25,225400,16285.682666015626,16718.457109375,-0.00268160945598539,0.01329208748518808
2022-06-15,15692.150390625,15692.150390625,15783.650390625,15678.900390625,15729.25,183000,16258.2751953125,16678.8911328125,-0.0025393443813560568,0.013293481902315824
2022-06-16,15360.599609375,15360.599609375,15863.150390625,15335.099609375,15832.25,264700,16235.83515625,16625.0351171875,-0.021128447854290244,0.012806688418954854
2022-06-17,15293.5,15293.5,15400.400390625,15183.400390625,15272.650390625,342600,16187.20263671875,16571.757109375,-0.00436829362663993,0.010649331152196871
2022-06-20,15350.150390625,15350.150390625,15382.5,15191.099609375,15334.5,260000,16143.975146484376,16522.607109375,0.0037042135956451006,0.010754801146591744
2022-06-21,15638.7998046875,15638.7998046875,15707.25,15419.849609375,15455.9501953125,262800,16119.6576171875,16482.59208984375,0.018804337854487096,0.011746417658097124
2022-06-22,15413.2998046875,15413.2998046875,15565.400390625,15385.9501953125,15545.650390625,220900,16089.0326171875,16435.17109375,-0.014419265085317434,0.012061133415966083
2022-06-23,15556.650390625,15556.650390625,15628.4501953125,15367.5,15451.5498046875,259200,16058.3576171875,16392.8051171875,0.009300447519609234,0.01207522287193703
2022-06-24,15699.25,15699.25,15749.25,15619.4501953125,15657.400390625,219600,16025.697607421875,16356.1841015625,0.009166472588529428,0.011963236063489462
2022-06-27,15832.0498046875,15832.0498046875,15927.4501953125,15815.5,15926.2001953125,210900,15984.230078125,16323.31208984375,0.008458990377725017,0.01120937290460361
2022-06-28,15850.2001953125,15850.2001953125,15892.099609375,15710.150390625,15757.4501953125,251900,15947.512548828125,16296.8430859375,0.0011464333961117568,0.011225927869762418
2022-06-29,15799.099609375,15799.099609375,15861.599609375,15687.7998046875,15701.7001953125,444900,15911.330029296874,16273.6520703125,-0.0032239710103227903,0.011222898083994643
2022-06-30,15780.25,15780.25,15890.0,15728.849609375,15774.5,306000,15868.942529296875,16246.5260546875,-0.001193081241402827,0.011045785448481374
2022-07-01,15752.0498046875,15752.0498046875,15793.9501953125,15511.0498046875,15703.7001953125,364100,15827.32998046875,16213.71505859375,-0.0017870563085186086,0.011047092449981932
2022-07-04,15835.349609375,15835.349609375,15852.349609375,15661.7998046875,15710.5,304300,15790.619921875,16186.98306640625,0.005288188249805481,0.011180428185045756
2022-07-05,15810.849609375,15810.849609375,16025.75,15785.4501953125,15909.150390625,254200,15760.344921875,16164.12107421875,-0.0015471713984448465,0.011057061970199147
2022-07-06,15989.7998046875,15989.7998046875,16011.349609375,15800.900390625,15818.2001953125,288400,15742.022412109374,16139.9010546875,0.011318189707300252,0.011426849076221421
2022-07-07,16132.900390625,16132.900390625,16150.5,16045.9501953125,16113.75,264600,15724.762451171875,16121.7910546875,0.00894949203151052,0.011490445721268436
2022-07-08,16220.599609375,16220.599609375,16275.5,16157.900390625,16273.650390625,281100,15725.70244140625,16101.30203125,0.005436047866567373,0.01094604991538933
2022-07-11,16216.0,16216.0,16248.5498046875,16115.5,16136.150390625,255900,15747.782421875,16083.571015625,-0.00028356592763323363,0.009004759453478069
2022-07-12,16058.2998046875,16058.2998046875,16158.75,16031.150390625,16126.2001953125,208600,15764.092431640625,16063.35501953125,-0.0097249750439381,0.009306295807112128
2022-07-13,15966.650390625,15966.650390625,16140.0,15950.150390625,16128.2001953125,233300,15777.817431640626,16049.13603515625,-0.005707292501522909,0.00939743751284845
2022-07-14,15938.650390625,15938.650390625,16070.849609375,15858.2001953125,16018.849609375,228600,15806.719970703125,16034.25603515625,-0.0017536552323109689,0.00788261751709389
2022-07-15,16049.2001953125,16049.2001953125,16066.9501953125,15927.2998046875,16010.7998046875,205800,15844.50498046875,16027.0150390625,0.0069359576863876615,0.007816143535627283
2022-07-18,16278.5,16278.5,16287.9501953125,16142.2001953125,16151.400390625,227700,15890.9224609375,16026.548046875,0.014287304158276504,0.008252072913454376
2022-07-19,16340.5498046875,16340.5498046875,16359.5,16187.0498046875,16187.0498046875,222600,15926.0099609375,16028.558046875,0.003811764271124396,0.00737227591694865
2022-07-20,16520.849609375,16520.849609375,16588.0,16490.94921875,16562.80078125,284400,15981.387451171875,16035.633046875,0.01103388850696918,0.0064926440481402345
2022-07-21,16605.25,16605.25,16626.94921875,16483.900390625,16523.55078125,243600,16033.817431640626,16051.578046875,0.005108719746296009,0.006361734496932892
2022-07-22,16719.44921875,16719.44921875,16752.25,16610.900390625,16661.25,190900,16084.827392578125,16070.3240234375,0.006877295960614926,0.006270302764270383
2022-07-25,16631.0,16631.0,16706.05078125,16564.25,16662.55078125,211400,16124.77490234375,16086.09802734375,-0.005290199311757782,0.006412200932421404
2022-07-26,16483.849609375,16483.849609375,16636.099609375,16463.30078125,16632.900390625,208200,16156.457373046875,16090.5890234375,-0.00884795806776506,0.0068933308870843014
2022-07-27,16641.80078125,16641.80078125,16653.44921875,16438.75,16475.349609375,185200,16198.592431640625,16098.61904296875,0.0095821774414373,0.0069783180182955
2022-07-28,16929.599609375,16929.599609375,16947.650390625,16746.25,16774.849609375,376300,16256.059912109375,16121.02302734375,0.017293731123692924,0.007639090271514117
2022-07-29,17158.25,17158.25,17172.80078125,17018.150390625,17079.5,436100,16326.369921875,16138.86501953125,0.013505953826479233,0.007839611220446586
2022-08-01,17340.05078125,17340.05078125,17356.25,17154.80078125,17243.19921875,381500,16401.60498046875,16161.37203125,0.010595531668439406,0.007963185098874797
2022-08-02,17345.44921875,17345.44921875,17390.150390625,17215.849609375,17310.150390625,333600,16478.3349609375,16185.7780078125,0.000311327663805816,0.00789851465677359
2022-08-03,17388.150390625,17388.150390625,17407.5,17225.849609375,17349.25,285400,16548.252490234376,16213.02501953125,0.002461808358865669,0.007753217473485223
2022-08-04,17382.0,17382.0,17490.69921875,17161.25,17463.099609375,325000,16610.707470703124,16237.26201171875,-0.0003537116074355806,0.0077341657730532
2022-08-05,17397.5,17397.5,17474.400390625,17348.75,17423.650390625,355300,16669.552490234375,16258.1630078125,0.0008917270739845495,0.007749196282426214
2022-08-08,17525.099609375,17525.099609375,17548.80078125,17359.75,17401.5,257000,16735.007470703124,16275.4369921875,0.007334364671648164,0.007738746006785034
2022-08-10,17534.75,17534.75,17566.099609375,17442.80078125,17566.099609375,312700,16808.82998046875,16294.4409765625,0.0005506610997998429,0.007100077039230947
2022-08-11,17659.0,17659.0,17719.30078125,17631.94921875,17711.650390625,311200,16893.4474609375,16317.1659765625,0.007085929368824795,0.006703805333009274
2022-08-12,17698.150390625,17698.150390625,17724.650390625,17597.849609375,17659.650390625,303900,16981.4224609375,16338.568984375,0.0022170219505635025,0.006548037194987965
2022-08-16,17825.25,17825.25,17839.099609375,17764.05078125,17797.19921875,0,17070.224951171876,16363.38796875,0.007181519343531395,0.006551555346987042
2022-08-17,17944.25,17944.25,17965.94921875,17833.349609375,17868.150390625,262800,17153.512451171875,16390.881953125,0.006675923198833145,0.0062132484296871975
2022-08-18,17956.5,17956.5,17968.44921875,17852.05078125,17898.650390625,263900,17234.3099609375,16421.6849609375,0.0006826699360520383,0.006281155260902437
2022-08-19,17758.44921875,17758.44921875,17992.19921875,17710.75,17966.55078125,295600,17296.18994140625,16449.7289453125,-0.011029475746944017,0.007013318574762923
2022-08-22,17490.69921875,17490.69921875,17690.05078125,17467.349609375,17682.900390625,287600,17340.46240234375,16469.9809375,-0.0150773300473388,0.008151281055879868
2022-08-23,17577.5,17577.5,17625.55078125,17345.19921875,17357.349609375,285600,17383.36494140625,16497.49494140625,0.00496268217550444,0.008109942713494816
2022-08-24,17604.94921875,17604.94921875,17623.650390625,17499.25,17525.44921875,262000,17432.06240234375,16534.10591796875,0.001561611079505143,0.007904013248295254
2022-08-25,17522.44921875,17522.44921875,17726.5,17487.44921875,17679.0,230200,17483.9923828125,16569.91291015625,-0.004686182219266755,0.007629019855652087
2022-08-26,17558.900390625,17558.900390625,17685.849609375,17519.349609375,17619.30078125,266600,17529.84736328125,16607.24791015625,0.002080255529346653,0.007475768416098129
2022-08-29,17312.900390625,17312.900390625,17380.150390625,17166.19921875,17188.650390625,244900,17549.01240234375,16646.29392578125,-0.014009988924553851,0.0075389371070552075
2022-08-30,17759.30078125,17759.30078125,17777.650390625,17401.5,17414.94921875,324700,17579.06494140625,16695.60994140625,0.02578426378902554,0.008963628969870067
2022-09-01,17542.80078125,17542.80078125,17695.599609375,17468.44921875,17485.69921875,308500,17589.20244140625,16739.46294921875,-0.012190795272107646,0.009225908698238531
2022-09-02,17539.44921875,17539.44921875,17643.849609375,17476.44921875,17598.400390625,256300,17598.90244140625,16777.4759375,-0.0001910505934481499,0.009227482014809017
2022-09-05,17665.80078125,17665.80078125,17683.150390625,17540.349609375,17546.44921875,230300,17612.7849609375,16822.52595703125,0.007203850071011875,0.009338191280851421
2022-09-06,17655.599609375,17655.599609375,17764.650390625,17587.650390625,17695.69921875,251200,17626.46494140625,16864.50494140625,-0.0005774531254664206,0.009339822533333096
2022-09-07,17624.400390625,17624.400390625,17650.75,17484.30078125,17519.400390625,354100,17637.8099609375,16903.00794921875,-0.0017671004916441913,0.009357691006011722
2022-09-08,17798.75,17798.75,17807.650390625,17691.94921875,17748.150390625,279800,17651.49248046875,16942.341953125,0.009892512965589573,0.009470105044082676
2022-09-09,17833.349609375,17833.349609375,17925.94921875,17786.0,17923.349609375,270300,17666.4224609375,16982.00494140625,0.0019439347917691308,0.00947316308938429
2022-09-12,17936.349609375,17936.349609375,17980.55078125,17889.150390625,17890.849609375,228200,17680.28994140625,17024.74994140625,0.005775695663245095,0.009432482260693861
2022-09-13,18070.05078125,18070.05078125,18088.30078125,18015.44921875,18044.44921875,259900,17698.8849609375,17070.54595703125,0.007454201929980142,0.009545280504237941
2022-09-14,18003.75,18003.75,18091.55078125,17771.150390625,17771.150390625,365900,17707.8099609375,17115.5799609375,-0.0036690976717561608,0.009488634449762836
2022-09-15,17877.400390625,17877.400390625,18096.150390625,17861.5,18046.349609375,289600,17704.46748046875,17156.4209765625,-0.007017960667916379,0.009516668966757574
2022-09-16,17530.849609375,17530.849609375,17820.05078125,17497.25,17796.80078125,468500,17683.1849609375,17190.8209765625,-0.019384853148544656,0.010438226988339577
2022-09-19,17622.25,17622.25,17667.19921875,17429.69921875,17540.650390625,258300,17676.375,17223.46998046875,0.0052136885924867205,0.010259223800888112
2022-09-20,17816.25,17816.25,17919.30078125,17744.400390625,17770.400390625,263100,17692.6525390625,17257.13697265625,0.011008809885230342,0.009939556467048971
2022-09-21,17718.349609375,17718.349609375,17838.69921875,17663.599609375,17766.349609375,245500,17699.69501953125,17287.09197265625,-0.005495005437451739,0.009993350225318401
2022-09-22,17629.80078125,17629.80078125,17722.75,17532.44921875,17609.650390625,284100,17700.93759765625,17315.36798828125,-0.004997577656902563,0.010062219206205444
2022-09-23,17327.349609375,17327.349609375,17642.150390625,17291.650390625,17593.849609375,390800,17691.1826171875,17340.748984375,-0.017155677232420508,0.010739143474654156
2022-09-26,17016.30078125,17016.30078125,17196.400390625,16978.30078125,17156.30078125,492000,17664.05263671875,17361.7419921875,-0.017951321762256445,0.011399177138604883
2022-09-27,17007.400390625,17007.400390625,17176.44921875,16942.349609375,17110.900390625,359900,17648.77763671875,17383.1169921875,-0.0005230508522044985,0.01101295853436331
2022-09-28,16858.599609375,16858.599609375,17037.599609375,16820.400390625,16870.55078125,323900,17603.742578125,17399.30498046875,-0.00874917846539458,0.009173859823543769
2022-09-29,16818.099609375,16818.099609375,17026.05078125,16788.599609375,16993.599609375,340000,17567.50751953125,17410.09697265625,-0.0024023347691036756,0.008889657580092003
2022-09-30,17094.349609375,17094.349609375,17187.099609375,16747.69921875,16798.05078125,376100,17545.2525390625,17425.17296875,0.01642575596626905,0.009803953335561517
2022-10-03,16887.349609375,16887.349609375,17114.650390625,16855.55078125,17102.099609375,278400,17506.32998046875,17432.50296875,-0.012109264448790458,0.009879481048862524
2022-10-04,17274.30078125,17274.30078125,17287.30078125,17117.30078125,17147.44921875,226000,17487.2650390625,17445.883984375,0.02291367093271912,0.011367430984917347
2022-10-06,17331.80078125,17331.80078125,17428.80078125,17315.650390625,17379.25,265500,17472.63505859375,17458.131015625,0.0033286441360573793,0.011407071693034848
2022-10-07,17314.650390625,17314.650390625,17337.349609375,17216.94921875,17287.19921875,216300,17448.430078125,17471.8040234375,-0.0009895331040011834,0.01112757453611216
2022-10-10,17241.0,17241.0,17280.150390625,17064.69921875,17094.349609375,234000,17418.81259765625,17486.94703125,-0.00425364584114718,0.01111821645958691
2022-10-11,16983.55078125,16983.55078125,17261.80078125,16950.30078125,17256.05078125,282600,17371.17265625,17493.78203125,-0.014932383199930399,0.011354093486489674
2022-10-12,17123.599609375,17123.599609375,17142.349609375,16960.05078125,17025.55078125,256000,17323.85009765625,17497.66203125,0.008246145339619648,0.011392554645161729
2022-10-13,17014.349609375,17014.349609375,17112.349609375,16956.94921875,17087.349609375,266400,17274.380078125,17494.7840234375,-0.006380083772817624,0.011421725254724258
2022-10-14,17185.69921875,17185.69921875,17348.55078125,17169.75,17322.30078125,227000,17239.79501953125,17491.6969921875,0.010070888003887335,0.011721705414659589
2022-10-17,17311.80078125,17311.80078125,17328.55078125,17098.55078125,17144.80078125,212200,17228.842578125,17491.0240234375,0.007337586960815656,0.011132665217226683
2022-10-18,17486.94921875,17486.94921875,17527.80078125,17434.05078125,17438.75,239500,17222.0775390625,17493.0,0.010117285874136073,0.01131917380454591
2022-10-19,17512.25,17512.25,17607.599609375,17472.849609375,17568.150390625,210500,17206.8775390625,17495.605,0.0014468379208691928,0.011013083412527401
2022-10-20,17563.94921875,17563.94921875,17584.150390625,17421.0,17423.099609375,249600,17199.15751953125,17498.933984375,0.0029521745492440132,0.010985598810634342
2022-10-21,17576.30078125,17576.30078125,17670.150390625,17520.75,17622.849609375,277700,17196.48251953125,17499.9580078125,0.0007032337856462956,0.010933323128997937
2022-10-24,17730.75,17730.75,17777.55078125,17707.400390625,17736.349609375,45000,17216.6525390625,17503.8780078125,0.008787356376761757,0.010324732853649725
2022-10-25,17656.349609375,17656.349609375,17811.5,17637.0,17808.30078125,251400,17248.65498046875,17503.825,-0.004196122026705051,0.009398301765757528
2022-10-27,17736.94921875,17736.94921875,17783.900390625,17654.5,17771.400390625,324600,17285.132421875,17504.6009765625,0.004564907874966551,0.009398416603166744
2022-10-28,17786.80078125,17786.80078125,17838.900390625,17723.69921875,17756.400390625,250000,17331.54248046875,17503.8319921875,0.002810605244745412,0.009041931002342803
2022-10-31,18012.19921875,18012.19921875,18022.80078125,17899.900390625,17910.19921875,227200,17391.2474609375,17505.1909765625,0.012672230395564199,0.0092188518509681
2022-11-01,18145.400390625,18145.400390625,18175.80078125,18060.150390625,18130.69921875,349900,17443.8,17508.968984375,0.007395053222392978,0.008760975459408642
2022-11-02,18082.849609375,18082.849609375,18178.75,18048.650390625,18177.900390625,270900,17503.575,17515.4569921875,-0.003447197631545107,0.00816746892534169
2022-11-03,18052.69921875,18052.69921875,18106.30078125,17959.19921875,17968.349609375,213000,17542.494921875,17526.6969921875,-0.0016673473084335422,0.006824675854333347
2022-11-04,18117.150390625,18117.150390625,18135.099609375,18017.150390625,18053.400390625,267900,17581.76240234375,17537.49,0.003570168155688336,0.006826938632221814
2022-11-07,18202.80078125,18202.80078125,18255.5,18064.75,18211.75,314800,17626.169921875,17549.44703125,0.004727586225111935,0.00680423240391269
2022-11-09,18157.0,18157.0,18296.400390625,18117.5,18288.25,307200,17671.969921875,17562.138046875,-0.002516139235956394,0.006723727427928698
2022-11-10,18028.19921875,18028.19921875,18103.099609375,17969.400390625,18044.349609375,256500,17724.20234375,17571.5240234375,-0.007093725904609771,0.0058140815642563045
2022-11-11,18349.69921875,18349.69921875,18362.30078125,18259.349609375,18272.349609375,378500,17785.50732421875,17592.26,0.017833173247033374,0.006609703879164674
2022-11-14,18329.150390625,18329.150390625,18399.44921875,18311.400390625,18376.400390625,301400,17851.24736328125,17603.6569921875,-0.0011198455015547504,0.006293617506210091
2022-11-15,18403.400390625,18403.400390625,18427.94921875,18282.0,18362.75,250900,17912.132421875,17620.868984375,0.004050924260950772,0.00611674518195356
2022-11-16,18409.650390625,18409.650390625,18442.150390625,18344.150390625,18398.25,219300,17967.02490234375,17638.2730078125,0.0003396111515991951,0.006082501220714088
2022-11-17,18343.900390625,18343.900390625,18417.599609375,18312.94921875,18358.69921875,200500,18009.8724609375,17651.835,-0.00357149639481924,0.00602076345697365
2022-11-18,18307.650390625,18307.650390625,18394.599609375,18209.80078125,18382.94921875,198800,18049.64248046875,17664.876015625,-0.00197613371355454,0.006097804967563301
2022-11-21,18159.94921875,18159.94921875,18262.30078125,18133.349609375,18246.400390625,213800,18079.44248046875,17675.5869921875,-0.008067729540576885,0.006513841217434148
2022-11-22,18244.19921875,18244.19921875,18261.849609375,18137.69921875,18179.150390625,177700,18112.83740234375,17684.4959765625,0.00463933015368867,0.006541861026184469
2022-11-23,18267.25,18267.25,18325.400390625,18246.0,18325.19921875,178800,18139.66240234375,17693.173984375,0.0012634580983039712,0.006337286475100975
2022-11-24,18484.099609375,18484.099609375,18529.69921875,18294.25,18326.099609375,204000,18181.04990234375,17704.128984375,0.011870949889830174,0.006589171892784814
2022-11-25,18512.75,18512.75,18534.900390625,18445.099609375,18528.44921875,205900,18219.83994140625,17712.98296875,0.0015500019600884762,0.006569421486490765
2022-11-28,18562.75,18562.75,18614.25,18365.599609375,18430.55078125,206500,18258.63740234375,17724.16296875,0.0027008413120686026,0.0065688979735709346
2022-11-29,18618.05078125,18618.05078125,18678.099609375,18552.150390625,18552.44921875,195300,18288.92998046875,17738.9759765625,0.00297912654375021,0.00609261542587243
2022-11-30,18758.349609375,18758.349609375,18816.05078125,18616.55078125,18625.69921875,345600,18319.57744140625,17763.5259765625,0.007535634625419174,0.006099641433712822
2022-12-01,18812.5,18812.5,18887.599609375,18778.19921875,18871.94921875,325000,18356.0599609375,17787.3309765625,0.002886735334004964,0.005982730638937944
2022-12-02,18696.099609375,18696.099609375,18781.94921875,18639.19921875,18752.400390625,254400,18388.22998046875,17804.92796875,-0.006187396179402005,0.006209506317067983
2022-12-05,18701.05078125,18701.05078125,18728.599609375,18591.349609375,18719.55078125,288400,18417.425,17824.5819921875,0.00026482378562620035,0.006203076795755893
2022-12-06,18642.75,18642.75,18654.900390625,18577.900390625,18600.650390625,217800,18439.4224609375,17844.8409765625,-0.0031175136590962937,0.00624317318625657
2022-12-07,18560.5,18560.5,18668.30078125,18528.400390625,18638.849609375,200500,18459.5974609375,17869.503984375,-0.004411902750398933,0.006316733210358476
2022-12-08,18609.349609375,18609.349609375,18625.0,18536.94921875,18570.849609375,202800,18488.65498046875,17901.3649609375,0.002631912360927746,0.006018579625394515
2022-12-09,18496.599609375,18496.599609375,18664.69921875,18410.099609375,18662.400390625,215800,18496.0,17931.1489453125,-0.006058782405979346,0.004893971916945293
2022-12-12,18497.150390625,18497.150390625,18521.55078125,18345.69921875,18402.150390625,193900,18504.4,17963.9199609375,2.977743269738653e-05,0.004881792318475067
2022-12-13,18608.0,18608.0,18617.25,18490.19921875,18524.400390625,187600,18514.62998046875,17999.71796875,0.0059927938646799905,0.0049752281446094416
2022-12-14,18660.30078125,18660.30078125,18696.099609375,18632.900390625,18671.25,208000,18527.1625,18031.0369921875,0.002810661073194387,0.004999965095395218
2022-12-15,18414.900390625,18414.900390625,18652.900390625,18387.69921875,18614.400390625,183100,18530.7125,18061.5880078125,-0.013150934355333654,0.005820936616482841
2022-12-16,18269.0,18269.0,18440.94921875,18255.150390625,18319.099609375,277700,18528.77998046875,18081.4819921875,-0.00792295301794177,0.0060843705661895175
2022-12-19,18420.44921875,18420.44921875,18431.650390625,18244.55078125,18288.099609375,154800,18541.80498046875,18103.2549609375,0.008289956688926514,0.006054615572114415
2022-12-20,18385.30078125,18385.30078125,18404.900390625,18202.650390625,18340.30078125,169000,18548.86005859375,18124.66796875,-0.0019081205394395617,0.0060089411843315885
2022-12-21,18199.099609375,18199.099609375,18473.349609375,18162.75,18435.150390625,187600,18545.4525390625,18143.8299609375,-0.01012771964355863,0.0064469306448336075
2022-12-22,18127.349609375,18127.349609375,18318.75,18068.599609375,18288.80078125,195700,18527.6150390625,18166.7059375,-0.003942502735851727,0.005833347717346875
2022-12-23,17806.80078125,17806.80078125,18050.44921875,17779.5,17977.650390625,221500,18492.317578125,18180.3699609375,-0.01768316025411787,0.006888146532575799
2022-12-26,18014.599609375,18014.599609375,18084.099609375,17774.25,17830.400390625,176700,18464.91005859375,18200.3749609375,0.011669632893506865,0.007471977693957459
2022-12-27,18132.30078125,18132.30078125,18149.25,17967.44921875,18089.80078125,214300,18440.62255859375,18219.3069921875,0.006533654614990558,0.00762412263712409
2022-12-28,18122.5,18122.5,18173.099609375,18068.349609375,18084.75,193900,18408.830078125,18235.5209765625,-0.0005405150382313817,0.00734049168328424
2022-12-29,18191.0,18191.0,18229.69921875,17992.80078125,18045.69921875,281100,18377.755078125,18249.6019921875,0.00377983170092433,0.007372491039286775
2022-12-30,18105.30078125,18105.30078125,18265.25,18080.30078125,18259.099609375,192000,18348.21513671875,18261.4630078125,-0.00471107793689185,0.007331974927111339
2023-01-02,18197.44921875,18197.44921875,18215.150390625,18086.5,18131.69921875,256100,18323.03505859375,18274.1330078125,0.005089583355357918,0.007473820553349485
2023-01-03,18232.55078125,18232.55078125,18251.94921875,18149.80078125,18163.19921875,208700,18302.52509765625,18287.2580078125,0.00192892762485819,0.007495712209167208
2023-01-04,18042.94921875,18042.94921875,18243.0,18020.599609375,18230.650390625,235200,18276.64755859375,18293.5019921875,-0.010399069487028845,0.007750786269501759
2023-01-05,17992.150390625,17992.150390625,18120.30078125,17892.599609375,18101.94921875,269900,18245.78759765625,18300.2180078125,-0.0028154392892826285,0.0076977523651745655
2023-01-06,17859.44921875,17859.44921875,18047.400390625,17795.55078125,18008.05078125,238200,18213.930078125,18302.6680078125,-0.007375503705446151,0.007742881093576532
2023-01-09,18101.19921875,18101.19921875,18141.400390625,17936.150390625,17952.55078125,257200,18194.13251953125,18308.9559765625,0.013536251708490266,0.008459602672377046
2023-01-10,17914.150390625,17914.150390625,18127.599609375,17856.0,18121.30078125,283300,18159.4400390625,18306.995,-0.010333504750958511,0.008531910477690401
2023-01-11,17895.69921875,17895.69921875,17976.349609375,17824.349609375,17924.25,259900,18121.2099609375,18302.0009765625,-0.0010299775022909463,0.008464119675746964
2023-01-12,17858.19921875,17858.19921875,17945.80078125,17761.650390625,17920.849609375,227800,18093.37490234375,18297.50796875,-0.00209547554088918,0.008052360916062122
2023-01-13,17956.599609375,17956.599609375,17999.349609375,17774.25,17867.5,256700,18077.7548828125,18295.5859765625,0.005510095918388247,0.008048901201825368
2023-01-16,17894.849609375,17894.849609375,18049.650390625,17853.650390625,18033.150390625,206200,18051.47490234375,18291.1399609375,-0.003438847072569362,0.007771870085462551
2023-01-17,18053.30078125,18053.30078125,18072.05078125,17886.94921875,17922.80078125,219100,18034.87490234375,18288.1499609375,0.008854568511824201,0.008101732747346704
2023-01-18,18165.349609375,18165.349609375,18183.75,18032.44921875,18074.30078125,255800,18033.18740234375,18288.316953125,0.006206556323560042,0.007942112931794202
2023-01-19,18107.849609375,18107.849609375,18155.19921875,18063.75,18119.80078125,237800,18032.21240234375,18289.9099609375,-0.003165367099256078,0.007924012900913479
2023-01-20,18027.650390625,18027.650390625,18145.44921875,18016.19921875,18115.599609375,237200,18043.2548828125,18283.468984375,-0.004428975305189153,0.006850978724430478
2023-01-23,18118.55078125,18118.55078125,18162.599609375,18063.44921875,18118.44921875,202500,18048.45244140625,18279.2569921875,0.005042276095628795,0.006437133571930894
2023-01-24,18118.30078125,18118.30078125,18201.25,18078.650390625,18183.94921875,216900,18047.75244140625,18273.555,-1.3798013043020418e-05,0.006268091895385977
2023-01-25,17891.94921875,17891.94921875,18100.599609375,17846.150390625,18093.349609375,257200,18036.22490234375,18263.2009765625,-0.01249297962501228,0.006861994510326865
2023-01-27,17604.349609375,17604.349609375,17884.75,17493.55078125,17877.19921875,476300,18006.8923828125,18248.4099609375,-0.016074246906178757,0.007589861178264295
2023-01-30,17648.94921875,17648.94921875,17709.150390625,17405.55078125,17541.94921875,432400,17984.0748046875,18235.2359375,0.0025334426073457816,0.007606941042441507
2023-01-31,17662.150390625,17662.150390625,17735.69921875,17537.55078125,17731.44921875,398300,17957.30986328125,18225.2799609375,0.0007479862801675896,0.007477409381584106
2023-02-01,17616.30078125,17616.30078125,17972.19921875,17353.400390625,17811.599609375,512900,17926.49736328125,18212.7219921875,-0.0025959245256645946,0.007437658474357193
2023-02-02,17610.400390625,17610.400390625,17653.900390625,17445.94921875,17517.099609375,490100,17904.869921875,18199.585,-0.0003349392530399564,0.007152506299686594
2023-02-03,17854.05078125,17854.05078125,17870.30078125,17584.19921875,17721.75,424100,17897.96494140625,18186.9840234375,0.013835596307890219,0.007884735246800886
2023-02-06,17764.599609375,17764.599609375,17823.69921875,17698.349609375,17818.55078125,282500,17893.2224609375,18172.021015625,-0.005010133160870178,0.007791081309427297
2023-02-07,17721.5,17721.5,17811.150390625,17652.55078125,17790.099609375,354400,17874.2375,18155.196015625,-0.0024261514654264627,0.007092086817050498
2023-02-08,17871.69921875,17871.69921875,17898.69921875,17744.150390625,17750.30078125,291000,17872.11494140625,18140.268984375,0.008475536424681795,0.007041133855327347
2023-02-09,17893.44921875,17893.44921875,17916.900390625,17779.80078125,17885.5,260900,17872.00244140625,18122.9709765625,0.0012170079483646568,0.0070433569233595335
2023-02-10,17856.5,17856.5,17876.94921875,17801.0,17847.55078125,232000,17871.91748046875,18103.8509765625,-0.0020649578680046465,0.007042878405004845
2023-02-13,17770.900390625,17770.900390625,17880.69921875,17719.75,17859.099609375,231300,17862.63251953125,18085.3469921875,-0.00479375070002519,0.00699676319052157
2023-02-14,17929.849609375,17929.849609375,17954.55078125,17800.05078125,17840.349609375,244500,17864.38251953125,18069.92296875,0.0089443537049958,0.007265421879060288
2023-02-15,18015.849609375,18015.849609375,18034.099609375,17853.80078125,17896.599609375,229300,17862.5099609375,18057.3849609375,0.004796470794436125,0.007062565497511052
2023-02-16,18035.849609375,18035.849609375,18134.75,18000.650390625,18094.75,230200,17856.0349609375,18046.891953125,0.0011101336008929596,0.0069141834776866445
2023-02-17,17944.19921875,17944.19921875,18034.25,17884.599609375,17974.849609375,208100,17847.85244140625,18033.5889453125,-0.005081567689351307,0.00696853215876351
2023-02-20,17844.599609375,17844.599609375,18004.349609375,17818.400390625,17965.55078125,174600,17838.69990234375,18020.5489453125,-0.005550518480140765,0.007006807748957038
2023-02-21,17826.69921875,17826.69921875,17924.900390625,17800.30078125,17905.80078125,198200,17824.10732421875,18007.139921875,-0.001003126492992057,0.00688507236762628
2023-02-22,17554.30078125,17554.30078125,17772.5,17529.44921875,17755.349609375,204000,17795.90732421875,17986.0659375,-0.015280363131582653,0.007603403268074205
2023-02-23,17511.25,17511.25,17620.05078125,17455.400390625,17574.650390625,240800,17776.87236328125,17963.084921875,-0.002452434977984641,0.007161653622759804
2023-02-24,17465.80078125,17465.80078125,17599.75,17421.80078125,17591.349609375,209400,17769.944921875,17944.1029296875,-0.002595429723749043,0.006249560103642372
2023-02-27,17392.69921875,17392.69921875,17451.599609375,17299.0,17428.599609375,246400,17757.132421875,17926.5769140625,-0.004185411445805309,0.006265472407440981
2023-02-28,17303.94921875,17303.94921875,17440.44921875,17255.19921875,17383.25,420900,17739.22236328125,17904.2469140625,-0.0051027157362857345,0.006329952081903401
2023-03-01,17450.900390625,17450.900390625,17467.75,17345.25,17360.099609375,272900,17730.95234375,17885.55890625,0.008492348770636093,0.006660238734828412
2023-03-02,17321.900390625,17321.900390625,17445.80078125,17306.0,17421.5,310700,17716.52734375,17868.014921875,-0.007392168719804415,0.006838359178898895
2023-03-03,17594.349609375,17594.349609375,17644.75,17427.69921875,17451.25,356200,17703.54228515625,17857.354921875,0.015728598629827895,0.00706111451590469
2023-03-06,17711.44921875,17711.44921875,17799.94921875,17671.94921875,17680.349609375,362800,17700.884765625,17855.447890625,0.006655523618366965,0.007168104928657545
2023-03-08,17754.400390625,17754.400390625,17766.5,17602.25,17665.75,267000,17702.52978515625,17850.24390625,0.0024250512391459367,0.007168233193202659
2023-03-09,17589.599609375,17589.599609375,17772.349609375,17573.599609375,17772.05078125,262400,17688.4248046875,17839.3898828125,-0.009282249899975281,0.007178205958920775
2023-03-10,17412.900390625,17412.900390625,17451.5,17324.349609375,17443.80078125,235900,17664.39736328125,17825.197890625,-0.010045664635585094,0.007450667269636403
2023-03-13,17154.30078125,17154.30078125,17529.900390625,17113.44921875,17421.900390625,254900,17629.28740234375,17804.46390625,-0.014851035931626178,0.008041801629766386
2023-03-14,17043.30078125,17043.30078125,17224.650390625,16987.099609375,17160.55078125,290600,17592.907421875,17783.22390625,-0.006470680525861194,0.008081402050455282
2023-03-15,16972.150390625,16972.150390625,17211.349609375,16938.900390625,17166.44921875,248200,17545.0224609375,17758.7179296875,-0.004174683738684903,0.007663036031296443
2023-03-16,16985.599609375,16985.599609375,17062.44921875,16850.150390625,16994.650390625,349800,17493.5099609375,17733.77890625,0.0007924286811309411,0.007507240695438925
2023-03-17,17100.05078125,17100.05078125,17145.80078125,16958.150390625,17111.80078125,408100,17446.72001953125,17714.9209375,0.006738129621978839,0.007766973971379747
2023-03-20,16988.400390625,16988.400390625,17066.599609375,16828.349609375,17066.599609375,241800,17398.930078125,17694.8459375,-0.0065292432199922645,0.007797691043978951
2023-03-21,17107.5,17107.5,17127.69921875,17016.0,17060.400390625,246700,17362.07509765625,17679.806953125,0.007010642946744028,0.00805789180982731
2023-03-22,17151.900390625,17151.900390625,17207.25,17107.849609375,17177.44921875,0,17328.33515625,17660.8209765625,0.0025953757489405316,0.00812302418073421
2023-03-23,17076.900390625,17076.900390625,17205.400390625,17045.30078125,17097.400390625,219200,17304.46513671875,17644.0759765625,-0.004372693304643627,0.007520971483696414
2023-03-24,16945.05078125,16945.05078125,17109.44921875,16917.349609375,17076.19921875,228000,17276.15517578125,17625.0630078125,-0.007720933328590696,0.007652698903598946
2023-03-27,16985.69921875,16985.69921875,17091.0,16918.55078125,16984.30078125,218400,17252.15009765625,17607.6130078125,0.0023988383407489433,0.007700331995455157
2023-03-28,16951.69921875,16951.69921875,17061.75,16913.75,17031.75,238800,17230.10009765625,17587.515,-0.002001683861354908,0.007673664091164631
2023-03-29,17080.69921875,17080.69921875,17126.150390625,16940.599609375,16977.30078125,345900,17218.93759765625,17571.2319921875,0.007609856589321451,0.007862389640452069
2023-03-31,17359.75,17359.75,17381.599609375,17204.650390625,17210.349609375,263900,17214.380078125,17557.3609765625,0.016337198944623932,0.0085099209663848
2023-04-03,17398.05078125,17398.05078125,17428.05078125,17312.75,17427.94921875,230200,17218.18759765625,17542.015,0.002206297973761151,0.008353820827632488
2023-04-05,17557.05078125,17557.05078125,17570.55078125,17402.69921875,17422.30078125,248300,17216.32265625,17530.9990234375,0.009138954817361267,0.007824481808471695
2023-04-06,17599.150390625,17599.150390625,17638.69921875,17502.849609375,17533.849609375,242700,17210.70771484375,17522.4290234375,0.002397874785437182,0.007688403110665663
2023-04-10,17624.05078125,17624.05078125,17694.099609375,17597.94921875,17634.900390625,254800,17204.190234375,17512.5390234375,0.0014148632219350699,0.007672930946109768
2023-04-11,17722.30078125,17722.30078125,17748.75,17655.150390625,17704.80078125,304300,17210.82529296875,17504.6190234375,0.005574768321964241,0.0074783903004734895
2023-04-12,17812.400390625,17812.400390625,17825.75,17717.25,17759.55078125,232800,17230.80029296875,17503.028046875,0.005083967961446945,0.007122643351580854
2023-04-13,17828.0,17828.0,17842.150390625,17729.650390625,17807.30078125,285800,17264.48525390625,17507.5010546875,0.0008757724412713497,0.006049375878021044
2023-04-17,17706.849609375,17706.849609375,17863.0,17574.05078125,17863.0,357400,17297.6626953125,17508.6590625,-0.006795512150830185,0.0060735482737713856
2023-04-18,17660.150390625,17660.150390625,17766.599609375,17610.19921875,17766.599609375,258900,17332.0626953125,17508.6190625,-0.0026373533282438855,0.006001535805181419
2023-04-19,17618.75,17618.75,17666.150390625,17579.849609375,17653.349609375,281500,17363.72021484375,17508.668046875,-0.002344283016240789,0.006075445399489528
2023-04-20,17624.44921875,17624.44921875,17684.44921875,17584.349609375,17638.599609375,215100,17389.94013671875,17508.9490234375,0.0003234746363958152,0.005972200894674114
2023-04-21,17624.05078125,17624.05078125,17663.19921875,17553.94921875,17639.75,230200,17421.72265625,17504.3490234375,-2.260708945023282e-05,0.0056802560232856875
2023-04-24,17743.400390625,17743.400390625,17754.5,17612.5,17707.55078125,255700,17453.51767578125,17503.9250390625,0.006771973756565242,0.0056690913650638336
2023-04-25,17769.25,17769.25,17807.44921875,17716.849609375,17761.55078125,297400,17484.38515625,17504.8800390625,0.0014568576938982503,0.005666840871268805
2023-04-26,17813.599609375,17813.599609375,17827.75,17711.19921875,17767.30078125,233000,17521.2201171875,17503.718046875,0.0024958627615121465,0.0054790553780321785
2023-04-27,17915.05078125,17915.05078125,17931.599609375,17797.900390625,17813.099609375,241400,17569.7201171875,17504.150078125,0.005695152810193838,0.005011034200118106
2023-04-28,18065.0,18065.0,18089.150390625,17885.30078125,17950.400390625,290300,17623.68515625,17508.320078125,0.008370013603697934,0.005161558125047189
2023-05-02,18147.650390625,18147.650390625,18180.25,18101.75,18124.80078125,265200,17683.48271484375,17515.855078125,0.004575166931912511,0.00502734671184457
2023-05-03,18089.849609375,18089.849609375,18116.349609375,18042.400390625,18113.80078125,226200,17733.940234375,17519.055078125,-0.00318502836487633,0.005132936006228906
2023-05-04,18255.80078125,18255.80078125,18267.44921875,18066.69921875,18081.0,226600,17778.7427734375,17523.8541015625,0.009173717607303677,0.0043324849214149
2023-05-05,18069.0,18069.0,18216.94921875,18055.44921875,18117.30078125,239700,17812.290234375,17524.517109375,-0.010232406865540389,0.005189254418039319
2023-05-08,18264.400390625,18264.400390625,18286.94921875,18100.30078125,18120.599609375,228400,17847.65771484375,17530.9211328125,0.010814123118324304,0.005323906847238245
2023-05-09,18265.94921875,18265.94921875,18344.19921875,18229.650390625,18303.400390625,245400,17880.99765625,17539.348125,8.480038171931881e-05,0.00533968797840095
2023-05-10,18315.099609375,18315.099609375,18326.75,18211.94921875,18313.599609375,220500,17915.55009765625,17549.1161328125,0.0026908205008338015,0.005341527339662725
2023-05-11,18297.0,18297.0,18389.69921875,18270.400390625,18357.80078125,248900,17944.28505859375,17563.9701171875,-0.0009882342854272697,0.005307866935929659
2023-05-12,18314.80078125,18314.80078125,18342.75,18194.55078125,18273.75,241700,17969.405078125,17580.0411328125,0.0009728797753729701,0.005245502206934678
2023-05-15,18398.849609375,18398.849609375,18458.900390625,18287.900390625,18339.30078125,216100,17997.94755859375,17598.702109375,0.004589120522186851,0.005291310923172276
2023-05-16,18286.5,18286.5,18432.349609375,18264.349609375,18432.349609375,219500,18026.930078125,17616.578125,-0.006106338807060685,0.0052357774014308795
2023-05-17,18181.75,18181.75,18309.0,18115.349609375,18300.44921875,229900,18053.01005859375,17634.134140625,-0.005728269488420423,0.005410897658735404
2023-05-18,18129.94921875,18129.94921875,18297.19921875,18104.849609375,18287.5,272100,18078.57001953125,17647.7151171875,-0.002849053652701161,0.005430767750809275
2023-05-19,18203.400390625,18203.400390625,18218.099609375,18060.400390625,18186.150390625,260900,18107.517578125,17665.3451171875,0.0040513721791914925,0.005454169190383232
2023-05-22,18314.400390625,18314.400390625,18335.25,18178.849609375,18201.099609375,262600,18142.03505859375,17679.7461328125,0.006097761825706316,0.005527680561029688
2023-05-23,18348.0,18348.0,18419.75,18324.19921875,18362.900390625,270400,18172.2650390625,17692.4771484375,0.001834600568861644,0.005409394890639549
2023-05-24,18285.400390625,18285.400390625,18392.599609375,18262.94921875,18294.80078125,232600,18198.07255859375,17703.0971484375,-0.0034117947119577385,0.005528702919325826
2023-05-25,18321.150390625,18321.150390625,18338.099609375,18202.400390625,18268.900390625,235900,18223.45009765625,17717.7281640625,0.001955111686716471,0.005524625435967997
2023-05-26,18499.349609375,18499.349609375,18508.55078125,18333.150390625,18368.349609375,198700,18252.6650390625,17739.4571484375,0.009726420827874671,0.005757438941553862
2023-05-29,18598.650390625,18598.650390625,18641.19921875,18581.25,18619.150390625,265300,18279.34755859375,17768.344140625,0.005367798508963517,0.00560947060125052
2023-05-30,18633.849609375,18633.849609375,18662.44921875,18575.5,18606.650390625,234400,18303.65751953125,17800.1551171875,0.0018925684396833287,0.005563236801744844
2023-05-31,18534.400390625,18534.400390625,18603.900390625,18483.849609375,18594.19921875,696500,18325.88505859375,17831.4001171875,-0.0053370195013254795,0.005674999923474164
2023-06-01,18487.75,18487.75,18580.30078125,18464.55078125,18579.400390625,265600,18337.48251953125,17861.443125,-0.0025169624936233204,0.005409582014310493
2023-06-02,18534.099609375,18534.099609375,18573.69921875,18478.400390625,18550.849609375,270900,18360.7375,17890.1241015625,0.002507044360454902,0.004774015324763165
2023-06-05,18593.849609375,18593.849609375,18640.150390625,18582.80078125,18612.0,256100,18377.2099609375,17922.2330859375,0.003223787573137793,0.004249252909835007
2023-06-06,18599.0,18599.0,18622.75,18531.599609375,18600.80078125,220800,18393.8625,17952.0630859375,0.00027699431442118616,0.0042475225598819916
2023-06-07,18726.400390625,18726.400390625,18738.94921875,18636.0,18665.599609375,260100,18414.4275390625,17983.5530859375,0.006849851638528914,0.004436765847888287
2023-06-08,18634.55078125,18634.55078125,18777.900390625,18615.599609375,18725.349609375,286500,18431.305078125,18014.70609375,-0.0049048192636628185,0.004617488141738925
2023-06-09,18563.400390625,18563.400390625,18676.650390625,18555.400390625,18655.900390625,221800,18443.73505859375,18047.0730859375,-0.00381819725413457,0.004737567435175351
2023-06-12,18601.5,18601.5,18633.599609375,18559.75,18595.05078125,179500,18453.867578125,18079.3891015625,0.0020524046550352004,0.004660880000250287
2023-06-13,18716.150390625,18716.150390625,18728.900390625,18631.80078125,18631.80078125,233200,18475.35009765625,18114.678125,0.0061635024393194016,0.00454352656399176
2023-06-14,18755.900390625,18755.900390625,18769.69921875,18690.0,18744.599609375,261400,18504.0576171875,18148.1821484375,0.0021238341844009856,0.004245393464393031
2023-06-15,18688.099609375,18688.099609375,18794.099609375,18669.05078125,18774.44921875,263000,18531.96513671875,18174.749140625,-0.0036149041015322014,0.004290509877779127
2023-06-16,18826.0,18826.0,18864.69921875,18710.5,18723.30078125,272800,18563.0951171875,18203.308125,0.0073790483520230765,0.004454969067709956
2023-06-19,18755.44921875,18755.44921875,18881.44921875,18719.150390625,18873.30078125,219800,18585.14755859375,18227.27609375,-0.0037475183921172883,0.004486390576451242
2023-06-20,18816.69921875,18816.69921875,18839.69921875,18660.650390625,18752.349609375,211600,18608.58251953125,18251.6270703125,0.003265717567498605,0.004508402234021675
2023-06-21,18856.849609375,18856.849609375,18875.900390625,18794.849609375,18849.400390625,217500,18637.15498046875,18276.283046875,0.0021337637466720683,0.0043737200890118285
2023-06-22,18771.25,18771.25,18886.599609375,18759.5,18853.599609375,252700,18659.6599609375,18297.26203125,-0.004539443817404343,0.004578286040895786
2023-06-23,18665.5,18665.5,18756.400390625,18647.099609375,18741.849609375,210600,18667.96748046875,18314.3240234375,-0.005633615236065759,0.004360097155151507
2023-06-26,18691.19921875,18691.19921875,18722.05078125,18646.69921875,18682.349609375,171300,18672.594921875,18331.5880078125,0.0013768299134766515,0.004212299030278067
2023-06-27,18817.400390625,18817.400390625,18829.25,18714.25,18748.55078125,222500,18681.7724609375,18353.7990234375,0.00675190341711196,0.0044453245387872185
2023-06-28,18972.099609375,18972.099609375,19011.25,18861.349609375,18908.150390625,398800,18703.657421875,18380.0380078125,0.00822107281232487,0.004541162282619479
2023-06-30,19189.05078125,19189.05078125,19201.69921875,19024.599609375,19076.849609375,247900,18738.7224609375,18411.4440234375,0.01143527476356887,0.0049929433132008295
2023-07-03,19322.55078125,19322.55078125,19345.099609375,19234.400390625,19246.5,226100,18778.14501953125,18445.4060546875,0.00695709243369369,0.00512012071239041
2023-07-04,19389.0,19389.0,19434.150390625,19300.0,19406.599609375,226900,18817.9025390625,18480.7050390625,0.003438946519135566,0.00512283674997853
2023-07-05,19398.5,19398.5,19421.599609375,19339.599609375,19405.94921875,224400,18857.8775390625,18513.80703125,0.0004899685388621844,0.005119049471003681
2023-07-06,19497.30078125,19497.30078125,19512.19921875,19373.0,19385.69921875,268300,18896.42255859375,18548.368046875,0.00509321758125636,0.00504818639822255
2023-07-07,19331.80078125,19331.80078125,19523.599609375,19303.599609375,19422.80078125,237100,18931.28505859375,18578.7320703125,-0.00848835445771845,0.005361216167560848
2023-07-10,19355.900390625,19355.900390625,19435.849609375,19327.099609375,19400.349609375,268200,18970.91005859375,18607.5490625,0.0012466303397029588,0.005196368029949244
2023-07-11,19439.400390625,19439.400390625,19515.099609375,19406.44921875,19427.099609375,251300,19012.805078125,18635.0370703125,0.004313930032438185,0.005219710817727093
2023-07-12,19384.30078125,19384.30078125,19507.69921875,19361.75,19497.44921875,327900,19046.21259765625,18659.770078125,-0.002834429471475497,0.0052494629302832305
2023-07-13,19413.75,19413.75,19567.0,19385.80078125,19495.19921875,310400,19079.105078125,18686.2480859375,0.0015192303855748879,0.005249049503678407
2023-07-14,19564.5,19564.5,19595.349609375,19433.5,19493.44921875,291200,19122.92509765625,18712.4220703125,0.007765114931427508,0.0052550237658980726
2023-07-17,19711.44921875,19711.44921875,19731.849609375,19562.94921875,19612.150390625,268700,19167.19755859375,18745.2710546875,0.007511013251041421,0.005261805632239333
2023-07-18,19749.25,19749.25,19819.44921875,19690.19921875,19787.5,286400,19216.88759765625,18774.968046875,0.001917706853032497,0.005067220491208761
2023-07-19,19833.150390625,19833.150390625,19851.69921875,19727.44921875,19802.94921875,259700,19267.71015625,18806.3120703125,0.004248282371482448,0.005078794256807682
2023-07-20,19979.150390625,19979.150390625,19991.849609375,19758.400390625,19831.69921875,274700,19323.8251953125,18839.5930859375,0.007361412439498949,0.005184455624493665
2023-07-21,19745.0,19745.0,19887.400390625,19700.0,19800.44921875,312500,19372.5126953125,18868.5530859375,-0.011719737128305097,0.0059232617534105405
2023-07-24,19672.349609375,19672.349609375,19782.75,19658.30078125,19748.44921875,265600,19422.85517578125,18895.7040625,-0.0036794322929856182,0.0057959353467025585
2023-07-25,19680.599609375,19680.599609375,19729.349609375,19615.94921875,19729.349609375,369700,19472.3251953125,18921.3390625,0.0004193703428323481,0.005810907429767815
2023-07-26,19778.30078125,19778.30078125,19825.599609375,19716.69921875,19733.349609375,244700,19520.37021484375,18951.175078125,0.004964339187534694,0.005757158493618539
2023-07-27,19659.900390625,19659.900390625,19867.55078125,19603.55078125,19850.900390625,334900,19554.76025390625,18980.7380859375,-0.0059863783008722304,0.0058902444792252335
2023-07-28,19646.05078125,19646.05078125,19695.900390625,19563.099609375,19659.75,258700,19577.61025390625,19011.0601171875,-0.0007044597937843067,0.00545429442241069
2023-07-31,19753.80078125,19753.80078125,19772.75,19597.599609375,19666.349609375,295100,19599.17275390625,19042.068125,0.005484562836559181,0.005381829323929227
2023-08-01,19733.55078125,19733.55078125,19795.599609375,19704.599609375,19784.0,298000,19616.40029296875,19070.4511328125,-0.0010251191770254131,0.005373070476282869
2023-08-02,19526.55078125,19526.55078125,19678.25,19423.55078125,19655.400390625,290700,19622.80283203125,19094.0221484375,-0.010489749274959825,0.005946892853423952
2023-08-03,19381.650390625,19381.650390625,19537.650390625,19296.44921875,19463.75,315700,19617.0203125,19115.9471484375,-0.007420685416911321,0.0060779888949635905
2023-08-04,19517.0,19517.0,19538.849609375,19436.44921875,19462.80078125,280800,19626.2802734375,19139.864140625,0.006983389270114548,0.0059617332543903815
2023-08-07,19597.30078125,19597.30078125,19620.44921875,19524.80078125,19576.849609375,216600,19638.35029296875,19161.8231640625,0.004114401867602702,0.006015042951536889
2023-08-08,19570.849609375,19570.849609375,19634.400390625,19533.099609375,19627.19921875,260300,19644.92275390625,19181.2671484375,-0.0013497354646058168,0.005965952102463992
2023-08-09,19632.55078125,19632.55078125,19645.5,19467.5,19578.80078125,266500,19657.33525390625,19201.241171875,0.003152707884763739,0.005947728616973346
2023-08-10,19543.099609375,19543.099609375,19623.599609375,19495.400390625,19605.55078125,312200,19663.802734375,19221.41515625,-0.004556268458015711,0.006055351546724631
2023-08-11,19428.30078125,19428.30078125,19557.75,19412.75,19554.25,235500,19656.9927734375,19240.226171875,-0.005874136161590715,0.005943241239677101
2023-08-14,19434.55078125,19434.55078125,19465.849609375,19257.900390625,19383.94921875,243900,19643.1478515625,19258.2351953125,0.00032169565781225984,0.005654268239633932
2023-08-16,19465.0,19465.0,19482.75,19317.19921875,19369.0,0,19628.9353515625,19275.658203125,0.0015667570139761278,0.005646282281047747
2023-08-17,19365.25,19365.25,19461.55078125,19326.25,19450.55078125,268700,19605.54033203125,19290.983203125,-0.005124582584125403,0.005601933537024555
2023-08-18,19310.150390625,19310.150390625,19373.80078125,19253.599609375,19301.75,256100,19572.09033203125,19302.658203125,-0.0028452826260957353,0.005236005314622238
2023-08-21,19393.599609375,19393.599609375,19425.94921875,19296.30078125,19320.650390625,262600,19554.5203125,19317.8391796875,0.0043215209131937105,0.004831503840563586
2023-08-22,19396.44921875,19396.44921875,19443.5,19381.30078125,19417.099609375,208700,19540.72529296875,19334.50015625,0.00014693555773015454,0.0047906680450001135
2023-08-23,19444.0,19444.0,19472.05078125,19366.599609375,19439.19921875,225200,19528.8953125,19351.35015625,0.0024515199000461063,0.004836875548212329
2023-08-24,19386.69921875,19386.69921875,19584.44921875,19369.0,19535.150390625,268300,19509.315234375,19364.7611328125,-0.002946964680621278,0.004679365977009741
2023-08-25,19265.80078125,19265.80078125,19339.55078125,19229.69921875,19297.400390625,466500,19489.61025390625,19374.959140625,-0.006236153774081932,0.004693716794922409
2023-08-28,19306.05078125,19306.05078125,19366.849609375,19249.69921875,19298.349609375,248200,19472.61025390625,19387.3181640625,0.002089194238900971,0.004744317397335114
2023-08-29,19342.650390625,19342.650390625,19377.900390625,19309.099609375,19374.849609375,307400,19452.052734375,19397.651171875,0.0018957584743610756,0.004555772729619609
2023-08-30,19347.44921875,19347.44921875,19452.80078125,19334.75,19433.44921875,233000,19432.74765625,19409.491171875,0.0002480956863764039,0.004564896439359039
2023-08-31,19253.80078125,19253.80078125,19388.19921875,19223.650390625,19375.55078125,562600,19419.11015625,19418.233203125,-0.004840350603388277,0.0040960259784613455
2023-09-01,19435.30078125,19435.30078125,19458.55078125,19255.69921875,19258.150390625,333000,19421.79267578125,19429.8022265625,0.009426710188917609,0.0043637095620352295
2023-09-04,19528.80078125,19528.80078125,19545.150390625,19432.849609375,19525.05078125,296800,19422.38271484375,19444.9532421875,0.004810833701642592,0.0042088723377540025
2023-09-05,19574.900390625,19574.900390625,19587.05078125,19525.75,19564.650390625,256800,19421.2626953125,19463.14125,0.0023605960187407238,0.0041371446346497144
2023-09-06,19611.05078125,19611.05078125,19636.44921875,19491.5,19581.19921875,287600,19423.27275390625,19481.53828125,0.0018467726478093027,0.0041459864810868986
2023-09-07,19727.05078125,19727.05078125,19737.0,19550.05078125,19598.650390625,304900,19427.99775390625,19499.7312890625,0.005915032360780392,0.004295955497446408
2023-09-08,19819.94921875,19819.94921875,19867.150390625,19727.05078125,19774.80078125,288100,19441.840234375,19516.68828125,0.004709190366575022,0.004249841125481712
2023-09-11,19996.349609375,19996.349609375,20008.150390625,19865.349609375,19890.0,248800,19470.24267578125,19532.8342578125,0.008900143420050854,0.004328070774776295
2023-09-12,19993.19921875,19993.19921875,20110.349609375,19914.650390625,20110.150390625,328100,19498.17509765625,19546.2472265625,-0.0001575482868895195,0.0043359708923032415
2023-09-13,20070.0,20070.0,20096.900390625,19944.099609375,19989.5,251400,19528.42509765625,19559.8672265625,0.003841345269944396,0.00436953258922069
2023-09-14,20103.099609375,20103.099609375,20167.650390625,20043.44921875,20127.94921875,275100,19565.317578125,19573.95921875,0.001649208239910216,0.004078543933160208
2023-09-15,20192.349609375,20192.349609375,20222.44921875,20129.69921875,20156.44921875,438200,19609.4275390625,19587.8601953125,0.004439613877174287,0.003957906984136514
2023-09-18,20133.30078125,20133.30078125,20195.349609375,20115.69921875,20155.94921875,264900,19646.41259765625,19603.8901953125,-0.002924316846098174,0.004087204881983359
2023-09-20,19901.400390625,19901.400390625,20050.650390625,19878.849609375,19980.75,378100,19671.66015625,19614.8001953125,-0.011518249945432046,0.005063467056711567
2023-09-21,19742.349609375,19742.349609375,19848.75,19709.94921875,19840.55078125,275100,19686.57763671875,19620.8591796875,-0.007991939166498319,0.005461129597254268
2023-09-22,19674.25,19674.25,19798.650390625,19657.5,19744.849609375,246400,19700.95517578125,19626.6581640625,-0.003449417659114995,0.005480279028286213
2023-09-25,19674.55078125,19674.55078125,19734.150390625,19601.55078125,19678.19921875,188400,19721.39267578125,19631.8741796875,1.5288066889551644e-05,0.00523352583763283
2023-09-26,19664.69921875,19664.69921875,19699.349609375,19637.44921875,19682.80078125,204900,19739.32509765625,19633.8781640625,-0.0005007261720755274,0.005238844716530354
2023-09-27,19716.44921875,19716.44921875,19730.69921875,19554.0,19637.05078125,203600,19758.0150390625,19633.9781640625,0.002631619198663282,0.00524853129216661
2023-09-28,19523.55078125,19523.55078125,19766.650390625,19492.099609375,19761.80078125,352800,19766.8201171875,19629.4641796875,-0.009783629666773708,0.005774235430748561
2023-09-29,19638.30078125,19638.30078125,19726.25,19551.05078125,19581.19921875,243500,19786.0451171875,19625.5671875,0.005877516917168757,0.00575286258728018
2023-10-03,19528.75,19528.75,19623.19921875,19479.650390625,19622.400390625,221700,19790.717578125,19616.5591796875,-0.005578424654468894,0.005572341319777624
2023-10-04,19436.099609375,19436.099609375,19457.80078125,19333.599609375,19446.30078125,277100,19786.08251953125,19610.381171875,-0.004744307271330683,0.005570762055114218
2023-10-05,19545.75,19545.75,19576.94921875,19487.30078125,19521.849609375,234900,19784.625,19607.8491796875,0.005641584105285702,0.005697715491207448
2023-10-06,19653.5,19653.5,19675.75,19589.400390625,19621.19921875,159100,19786.7474609375,19607.3071875,0.0055127073660514725,0.005819910158275778
2023-10-09,19512.349609375,19512.349609375,19588.94921875,19480.5,19539.44921875,165100,19776.01240234375,19601.9881640625,-0.00718194675884698,0.005870650155640164
2023-10-10,19689.849609375,19689.849609375,19717.80078125,19565.44921875,19565.599609375,216600,19769.507421875,19602.5871484375,0.00909680297624016,0.0061520009007521945
2023-10-11,19811.349609375,19811.349609375,19839.19921875,19756.94921875,19767.0,213700,19760.257421875,19605.893125,0.006170692128707245,0.0059643175130877895
2023-10-12,19794.0,19794.0,19843.30078125,19772.650390625,19822.69921875,217900,19750.2974609375,19606.697109375,-0.0008757409120068171,0.005964640617849486
2023-10-13,19751.05078125,19751.05078125,19805.400390625,19635.30078125,19654.55078125,255000,19734.35,19607.047109375,-0.0021698099802970328,0.005886170574175342
2023-10-16,19731.75,19731.75,19781.30078125,19691.849609375,19737.25,181000,19715.78251953125,19611.15109375,-0.0009772027556287366,0.0058582559232606395
2023-10-17,19811.5,19811.5,19849.75,19775.650390625,19843.19921875,185800,19696.7400390625,19619.7480859375,0.004041709427698992,0.00583975871685783
2023-10-18,19671.099609375,19671.099609375,19840.94921875,19659.94921875,19820.44921875,198900,19673.62998046875,19622.830078125,-0.007086812741337156,0.005986698906684096
2023-10-19,19624.69921875,19624.69921875,19681.80078125,19512.349609375,19545.19921875,230300,19659.794921875,19623.378046875,-0.0023588102112444,0.005480192808675438
2023-10-20,19542.650390625,19542.650390625,19593.80078125,19518.69921875,19542.150390625,198300,19649.8099609375,19622.8140625,-0.004180896084593599,0.0052751932481281865
2023-10-23,19281.75,19281.75,19556.849609375,19257.849609375,19521.599609375,176000,19630.1849609375,19615.798046875,-0.013350307425555652,0.005983990791545467
2023-10-25,19122.150390625,19122.150390625,19347.30078125,19074.150390625,19286.44921875,225300,19602.56494140625,19607.3790625,-0.008277236732921023,0.006194263521605989
2023-10-26,18857.25,18857.25,19041.69921875,18837.849609375,19027.25,300400,19562.19248046875,19595.958046875,-0.013853064912347501,0.006783263173087811
2023-10-27,19047.25,19047.25,19076.150390625,18926.650390625,18928.75,205200,19528.73251953125,19588.21203125,0.010075700327460302,0.007243568966695362
2023-10-30,19140.900390625,19140.900390625,19158.5,18940.0,19053.400390625,180100,19509.6,19581.7300390625,0.004916740769664862,0.007125010997007952
2023-10-31,19079.599609375,19079.599609375,19233.69921875,19056.44921875,19232.94921875,206000,19481.66494140625,19576.01703125,-0.0032026069828995363,0.006953277389090828
2023-11-01,18989.150390625,18989.150390625,19096.05078125,18973.69921875,19064.05078125,194100,19454.6849609375,19569.59703125,-0.004740624572936891,0.0069293830762011495
2023-11-02,19133.25,19133.25,19175.25,19064.150390625,19120.0,245600,19439.54248046875,19564.3900390625,0.007588523257266999,0.007158917113608037
2023-11-03,19230.599609375,19230.599609375,19276.25,19210.900390625,19241.0,189500,19423.7849609375,19561.073046875,0.005087980838331285,0.007133886815189445
2023-11-06,19411.75,19411.75,19423.0,19309.69921875,19345.849609375,180700,19411.6974609375,19560.428046875,0.00941990339899168,0.007365264108537292
2023-11-07,19406.69921875,19406.69921875,19423.5,19329.099609375,19404.05078125,198700,19406.41494140625,19560.828046875,-0.000260191958478706,0.007200124735721384
2023-11-08,19443.5,19443.5,19464.400390625,19401.5,19449.599609375,195000,19394.0974609375,19564.38203125,0.0018962926582819506,0.006881295122150623
2023-11-09,19395.30078125,19395.30078125,19463.900390625,19378.349609375,19457.400390625,208400,19373.29501953125,19566.16703125,-0.002478937369815082,0.006702403843391225
2023-11-10,19425.349609375,19425.349609375,19451.30078125,19329.44921875,19351.849609375,152200,19354.8625,19567.821015625,0.001549283945833313,0.006727406471641012
2023-11-13,19443.55078125,19443.55078125,19494.400390625,19414.75,19486.75,189300,19339.4875,19569.743046875,0.0009369804014345284,0.006732847171456808
2023-11-15,19675.44921875,19675.44921875,19693.19921875,19579.650390625,19651.400390625,291500,19336.6724609375,19578.176015625,0.011926753508604282,0.007305165648923496
2023-11-16,19765.19921875,19765.19921875,19875.25,19627.0,19674.69921875,282700,19334.357421875,19584.773984375,0.004561522280999375,0.0073216483420545
2023-11-17,19731.80078125,19731.80078125,19806.0,19667.44921875,19674.75,236800,19337.39248046875,19588.833984375,-0.0016897597201204206,0.007147644718187252
2023-11-20,19694.0,19694.0,19756.44921875,19670.5,19731.150390625,173800,19340.85751953125,19591.2159765625,-0.0019157289123818977,0.007140049509481676
2023-11-21,19783.400390625,19783.400390625,19829.099609375,19754.05078125,19770.900390625,195000,19352.89501953125,19594.66296875,0.0045394734754240496,0.0071246546175159015
2023-11-22,19811.849609375,19811.849609375,19825.55078125,19703.849609375,19784.0,184500,19379.4,19596.3589453125,0.0014380348265852216,0.006318432759017116
2023-11-23,19802.0,19802.0,19875.150390625,19786.75,19828.44921875,170000,19413.39248046875,19595.9999609375,-0.0004971574875239915,0.005919758458825309
2023-11-24,19794.69921875,19794.69921875,19832.849609375,19768.849609375,19809.599609375,145900,19460.26494140625,19591.966953125,-0.00036868908443588033,0.004686855704852454
2023-11-28,19889.69921875,19889.69921875,19916.849609375,19800.0,19844.650390625,229600,19502.38740234375,19589.896953125,0.004799264638990497,0.004372324285751552
2023-11-29,20096.599609375,20096.599609375,20104.650390625,19956.30078125,19976.55078125,236200,19550.17236328125,19590.4289453125,0.010402389113554511,0.00471219847061918
2023-11-30,20133.150390625,20133.150390625,20158.69921875,20015.849609375,20108.5,486600,19602.84990234375,19591.0299609375,0.0018187545137213768,0.004525256248360103
2023-12-01,20267.900390625,20267.900390625,20291.55078125,20183.69921875,20194.099609375,265800,19666.78740234375,19592.5409765625,0.0066929416105065975,0.004249515270074664
2023-12-04,20686.80078125,20686.80078125,20702.650390625,20507.75,20601.94921875,381100,19744.46494140625,19603.6109765625,0.020668169003769332,0.005705674470017052
2023-12-05,20855.099609375,20855.099609375,20864.05078125,20711.150390625,20808.900390625,421000,19825.68994140625,19622.6849609375,0.008135565760247543,0.005778559915218701
2023-12-06,20937.69921875,20937.69921875,20961.94921875,20852.150390625,20950.75,359200,19901.98740234375,19646.591953125,0.003960643244200535,0.005640264639031621
2023-12-07,20901.150390625,20901.150390625,20941.25,20850.80078125,20932.400390625,275000,19976.7099609375,19671.1299609375,-0.0017455990623970186,0.005706019348219648
2023-12-08,20969.400390625,20969.400390625,21006.099609375,20862.69921875,20934.099609375,292400,20053.00498046875,19697.026953125,0.003265370504707432,0.005691036462055958
2023-12-11,20997.099609375,20997.099609375,21026.099609375,20923.69921875,20965.30078125,212900,20133.094921875,19723.6749609375,0.001320935183362959,0.0055315794639525205
2023-12-12,20906.400390625,20906.400390625,21037.900390625,20867.150390625,21018.55078125,244900,20207.1474609375,19747.473984375,-0.004319607014175553,0.005816215244303186
2023-12-13,20926.349609375,20926.349609375,20950.0,20769.5,20929.75,260300,20281.28740234375,19775.5299609375,0.0009542158562574343,0.0058157861133468335
2023-12-14,21182.69921875,21182.69921875,21210.900390625,21074.44921875,21110.400390625,334400,20356.64990234375,19806.4179296875,0.012250087289956912,0.005840263981501555
2023-12-15,21456.650390625,21456.650390625,21492.30078125,21235.30078125,21287.44921875,508800,20441.2224609375,19844.9759375,0.012932779200891975,0.006193529572270689
2023-12-18,21418.650390625,21418.650390625,21482.80078125,21365.349609375,21434.80078125,249700,20525.56494140625,19884.626953125,-0.0017710126840955187,0.006197574746460449
2023-12-19,21453.099609375,21453.099609375,21505.05078125,21337.75,21477.650390625,249800,20613.519921875,19922.7739453125,0.0016083748565725031,0.006065386332369798
2023-12-20,21150.150390625,21150.150390625,21593.0,21087.349609375,21543.5,363900,20681.857421875,19952.706953125,-0.01412146609423337,0.007330647068595634
2023-12-21,21255.05078125,21255.05078125,21288.349609375,20976.80078125,21033.94921875,277500,20754.01748046875,19987.5609765625,0.004959794076523361,0.007324061673812342
2023-12-22,21349.400390625,21349.400390625,21390.5,21232.44921875,21295.849609375,284700,20831.3875,20020.7519921875,0.004438926556610712,0.007263517147210712
2023-12-26,21441.349609375,21441.349609375,21477.150390625,21329.44921875,21365.19921875,219500,20913.72001953125,20053.3519921875,0.004306875934107168,0.007197426814989009
2023-12-27,21654.75,21654.75,21675.75,21495.80078125,21497.650390625,256500,21001.97255859375,20090.5669921875,0.0099527499207277,0.007317740997995414
2023-12-28,21778.69921875,21778.69921875,21801.44921875,21678.0,21715.0,393100,21086.0775390625,20131.1199609375,0.005723881307796219,0.007185496850931025
2023-12-29,21731.400390625,21731.400390625,21770.30078125,21676.900390625,21737.650390625,270900,21165.9900390625,20171.11296875,-0.0021717930740454694,0.007305170790945883
2024-01-01,21741.900390625,21741.900390625,21834.349609375,21680.849609375,21727.75,154000,21239.6900390625,20209.7209765625,0.00048317180721269004,0.007310036415002978
2024-01-02,21665.80078125,21665.80078125,21755.599609375,21555.650390625,21751.349609375,263700,21288.6400390625,20249.615,-0.003500136051024061,0.0062507157439676275
2024-01-03,21517.349609375,21517.349609375,21677.0,21500.349609375,21661.099609375,311900,21321.7525390625,20287.4680078125,-0.00685186637566948,0.00641471981304549
2024-01-04,21658.599609375,21658.599609375,21685.650390625,21564.55078125,21605.80078125,339200,21357.79755859375,20329.7869921875,0.006564470186349425,0.006491462354727197
2024-01-05,21710.80078125,21710.80078125,21749.599609375,21629.19921875,21705.75,309300,21398.280078125,20378.3680078125,0.002410182228605562,0.006441211235256933
2024-01-08,21513.0,21513.0,21763.94921875,21492.900390625,21747.599609375,231500,21425.46005859375,20426.185,-0.00911070868564301,0.006884564958167613
2024-01-09,21544.849609375,21544.849609375,21724.44921875,21517.849609375,21653.599609375,228600,21452.84755859375,20479.9369921875,0.0014804820050666745,0.00688467927761134
2024-01-10,21618.69921875,21618.69921875,21641.849609375,21448.650390625,21529.30078125,217000,21488.4625,20531.3659765625,0.0034277152411805734,0.006768166696444022
2024-01-11,21647.19921875,21647.19921875,21726.5,21593.75,21688.0,212500,21524.50498046875,20581.491953125,0.0013183031833516878,0.006766549343074587
2024-01-12,21894.55078125,21894.55078125,21928.25,21715.150390625,21773.55078125,294700,21560.09755859375,20637.7909765625,0.011426492637705898,0.006701261693592305
2024-01-15,22097.44921875,22097.44921875,22115.55078125,21963.55078125,22053.150390625,345500,21592.1375,20699.956953125,0.009267074694848665,0.006421444495764939
2024-01-16,22032.30078125,22032.30078125,22124.150390625,21969.80078125,22080.5,292400,21622.82001953125,20757.93796875,-0.0029482333845447517,0.006458219345154941
2024-01-17,21571.94921875,21571.94921875,21851.5,21550.44921875,21647.25,456000,21628.7625,20804.7649609375,-0.020894393512082443,0.008161643334450111
2024-01-18,21462.25,21462.25,21539.400390625,21285.55078125,21414.19921875,387300,21644.36748046875,20845.7749609375,-0.0050852715087356115,0.007547846977000539
2024-01-19,21622.400390625,21622.400390625,21670.599609375,21575.0,21615.19921875,343100,21662.7349609375,20890.088984375,0.00746195718645537,0.007641284597863124
2024-01-23,21238.80078125,21238.80078125,21750.25,21192.599609375,21716.69921875,449700,21657.20498046875,20925.995,-0.01774084294273448,0.00864227562903191
2024-01-24,21453.94921875,21453.94921875,21482.349609375,21137.19921875,21185.25,407500,21657.8349609375,20967.16796875,0.010129971071150878,0.00889727937943585
2024-01-25,21352.599609375,21352.599609375,21459.0,21247.05078125,21454.599609375,418100,21642.72744140625,21005.71296875,-0.004724053755400193,0.008640572740315024
2024-01-29,21737.599609375,21737.599609375,21763.25,21429.599609375,21433.099609375,376700,21640.6724609375,21051.5939453125,0.018030591452244726,0.00951371966592112
2024-01-30,21522.099609375,21522.099609375,21813.05078125,21501.80078125,21775.75,375100,21630.207421875,21088.526953125,-0.009913698102483215,0.009758880542373772
2024-01-31,21725.69921875,21725.69921875,21741.349609375,21448.849609375,21487.25,410600,21629.39736328125,21127.736953125,0.009460025419002926,0.010006787925241801
2024-02-01,21697.44921875,21697.44921875,21832.94921875,21658.75,21780.650390625,332500,21630.97978515625,21167.049921875,-0.0013003033741542103,0.00997821941292619
2024-02-02,21853.80078125,21853.80078125,22126.80078125,21805.55078125,21812.75,442800,21647.80234375,21210.2459375,0.007205988175093214,0.009956337409244034
2024-02-05,21771.69921875,21771.69921875,21964.30078125,21726.94921875,21921.05078125,440800,21653.45732421875,21250.0119140625,-0.0037568550808078083,0.009910479502299386
2024-02-06,21929.400390625,21929.400390625,21951.400390625,21737.55078125,21825.19921875,371000,21664.3873046875,21292.3629296875,0.007243402101531293,0.010022749479760526
2024-02-07,21930.5,21930.5,22053.30078125,21860.150390625,22045.05078125,346300,21685.2623046875,21334.9329296875,5.014315737827957e-05,0.009764057668324406
2024-02-08,21717.94921875,21717.94921875,22011.05078125,21665.30078125,22009.650390625,491100,21693.91728515625,21373.3979296875,-0.009692017110872975,0.01005092685991888
2024-02-09,21782.5,21782.5,21804.44921875,21629.900390625,21727.0,349200,21702.10732421875,21411.2539453125,0.0029722318898448563,0.010044334427331847
2024-02-12,21616.05078125,21616.05078125,21831.69921875,21574.75,21800.80078125,287400,21700.54990234375,21441.64296875,-0.0076414194307357075,0.010201003941045832
2024-02-13,21743.25,21743.25,21766.80078125,21543.349609375,21664.30078125,365800,21692.98486328125,21473.8449609375,0.005884480011507653,0.009945712828116368
2024-02-14,21840.05078125,21840.05078125,21870.849609375,21530.19921875,21578.150390625,359100,21680.11494140625,21505.28796875,0.004451992284961959,0.009758462878401129
2024-02-15,21910.75,21910.75,21953.849609375,21794.80078125,21906.55078125,345400,21674.03740234375,21529.766953125,0.0032371361888359207,0.009776132286839923
2024-02-16,22040.69921875,22040.69921875,22068.650390625,21968.94921875,22020.30078125,343900,21697.47490234375,21553.4789453125,0.005930843022260657,0.008556000695313693
2024-02-19,22122.25,22122.25,22186.650390625,22021.05078125,22103.44921875,0,21730.47490234375,21577.1699609375,0.0037000088082788096,0.008445994786905144
2024-02-20,22196.94921875,22196.94921875,22215.599609375,22045.849609375,22099.19921875,295700,21759.20234375,21603.0859375,0.0033766555730090353,0.008344265041978733
2024-02-21,22055.05078125,22055.05078125,22249.400390625,21997.94921875,22248.849609375,364500,21800.01484375,21624.7989453125,-0.006392700010330099,0.007298403393038765
2024-02-22,22217.44921875,22217.44921875,22252.5,21875.25,22081.55078125,343500,21838.18984375,21649.2059375,0.0073633218581414805,0.007159350641519303
2024-02-23,22212.69921875,22212.69921875,22297.5,22186.099609375,22290.0,226000,21881.19482421875,21675.3319140625,-0.0002137959201901074,0.007013433108853056
2024-02-26,22122.05078125,22122.05078125,22202.150390625,22075.150390625,22169.19921875,207800,21900.4173828125,21699.2459375,-0.004080928508836235,0.006026781119960738
2024-02-27,22198.349609375,22198.349609375,22218.25,22085.650390625,22090.19921875,252200,21934.2298828125,21719.5589453125,0.003448994348646428,0.005481582921665204
2024-02-28,21951.150390625,21951.150390625,22229.150390625,21915.849609375,22214.099609375,203000,21945.50244140625,21729.4489453125,-0.011135927809948543,0.005842543660111913
2024-02-29,21982.80078125,21982.80078125,22060.55078125,21860.650390625,21935.19921875,360200,21959.77001953125,21740.731953125,0.0014418556686905948,0.00582942832297578
2024-03-01,22338.75,22338.75,22353.30078125,22047.75,22048.30078125,351500,21984.01748046875,21758.4449609375,0.016192168700068565,0.006648503540313493
2024-03-04,22405.599609375,22405.599609375,22440.900390625,22358.30078125,22403.5,298800,22015.7125,21783.5539453125,0.0029925402887358565,0.006558675001124535
2024-03-05,22356.30078125,22356.30078125,22416.900390625,22269.150390625,22371.25,296200,22037.05751953125,21805.5789453125,-0.00220029050703785,0.006459313527085254
2024-03-06,22474.05078125,22474.05078125,22497.19921875,22224.349609375,22327.5,312300,22064.23505859375,21828.071953125,0.005266971542034149,0.006524609785801191
2024-03-07,22493.55078125,22493.55078125,22525.650390625,22430.0,22505.30078125,379900,22103.01513671875,21849.1159765625,0.0008676673462120199,0.005999063850429587
2024-03-11,22332.650390625,22332.650390625,22526.599609375,22307.25,22517.5,277900,22130.52265625,21862.673984375,-0.007153178801771132,0.006311646362608939
2024-03-12,22335.69921875,22335.69921875,22452.55078125,22256.0,22334.44921875,299200,22166.505078125,21873.813984375,0.0001365188668460693,0.005963912329359901
2024-03-13,21997.69921875,21997.69921875,22446.75,21905.650390625,22432.19921875,493300,22179.2275390625,21879.1399609375,-0.015132725270416536,0.006949744227490182
2024-03-14,22146.650390625,22146.650390625,22204.599609375,21917.5,21982.55078125,426700,22194.55751953125,21887.2349609375,0.006771215952804832,0.007036126878273579
2024-03-15,22023.349609375,22023.349609375,22120.900390625,21931.69921875,22064.849609375,661500,22200.1875,21894.3859375,-0.005567468627318717,0.00714499890629895
2024-03-18,22055.69921875,22055.69921875,22123.69921875,21916.55078125,21990.099609375,356300,22200.9375,21905.1529296875,0.0014688778023679294,0.007027990527324597
2024-03-19,21817.44921875,21817.44921875,21978.30078125,21793.099609375,21946.44921875,344200,22185.6974609375,21908.329921875,-0.010802196640288697,0.007372100648943657
2024-03-20,21839.099609375,21839.099609375,21930.900390625,21710.19921875,21843.900390625,312400,22167.80498046875,21910.8958984375,0.0009923428906801757,0.007322368578421443
2024-03-21,22011.94921875,22011.94921875,22080.94921875,21941.30078125,21989.900390625,353200,22165.64990234375,21920.8748828125,0.0079146856998078,0.0074437549902565976
2024-03-22,22096.75,22096.75,22180.69921875,21883.30078125,21932.19921875,388700,22159.61494140625,21931.912890625,0.0038524885010076115,0.0072991900008648304
2024-03-26,22004.69921875,22004.69921875,22073.19921875,21947.55078125,21947.900390625,328400,22149.21494140625,21939.632890625,-0.00416580634029895,0.0073515493071859405
2024-03-27,22123.650390625,22123.650390625,22193.599609375,22052.849609375,22053.94921875,409100,22149.294921875,21949.1619140625,0.005405716783151604,0.007410390825302489
2024-03-28,22326.900390625,22326.900390625,22516.0,22163.599609375,22163.599609375,410500,22155.7224609375,21957.80890625,0.009187001078543977,0.0076567206330306
2024-04-01,22462.0,22462.0,22529.94921875,22427.75,22455.0,0,22181.26494140625,21965.099921875,0.006050979178091831,0.007257788858832317
2024-04-02,22453.30078125,22453.30078125,22497.599609375,22388.150390625,22458.80078125,289500,22204.78994140625,21973.519921875,-0.0003872860275131451,0.0072657823245078435
2024-04-03,22434.650390625,22434.650390625,22521.099609375,22346.5,22385.69921875,309600,22209.5849609375,21990.7739453125,-0.0008306302403686683,0.006341085444470694
2024-04-04,22514.650390625,22514.650390625,22619.0,22303.80078125,22592.099609375,401000,22215.0375,22011.821953125,0.003565912488363576,0.00635549620114258
2024-04-05,22513.69921875,22513.69921875,22537.599609375,22427.599609375,22486.400390625,242200,22222.907421875,22029.6479296875,-4.224679746289706e-05,0.006329758328811418
2024-04-08,22666.30078125,22666.30078125,22697.30078125,22550.349609375,22578.349609375,227600,22232.519921875,22058.1979296875,0.006778164752814453,0.006399922716980462
2024-04-09,22642.75,22642.75,22768.400390625,22612.25,22765.099609375,232400,22239.9798828125,22081.9739453125,-0.0010390218270411866,0.006407499790355109
2024-04-10,22753.80078125,22753.80078125,22775.69921875,22673.69921875,22720.25,276800,22261.03740234375,22109.99796875,0.0049044741142307835,0.006229121670602077
2024-04-12,22519.400390625,22519.400390625,22726.44921875,22503.75,22677.400390625,357200,22270.2224609375,22125.633984375,-0.010301592814249916,0.006719138917831642
2024-04-15,22272.5,22272.5,22427.44921875,22259.55078125,22339.05078125,355500,22283.9625,22140.6419921875,-0.010963897188301042,0.006259870970763067
2024-04-16,22147.900390625,22147.900390625,22213.75,22079.44921875,22125.30078125,317300,22284.025,22149.086015625,-0.005594325260972033,0.006232990036550033
2024-04-18,21995.849609375,21995.849609375,22326.5,21961.69921875,22212.349609375,456900,22282.65,22155.0540234375,-0.0068652458503182245,0.006300622864246584
2024-04-19,22147.0,22147.0,22179.55078125,21777.650390625,21861.5,362500,22287.2150390625,22160.9180078125,0.0068717686886063944,0.0064820971327712385
2024-04-22,22336.400390625,22336.400390625,22375.650390625,22198.150390625,22336.900390625,279300,22313.16259765625,22172.21203125,0.008551965982977361,0.006186928699273793
2024-04-23,22368.0,22368.0,22447.55078125,22349.44921875,22447.05078125,231500,22339.6076171875,22180.9840234375,0.0014147135985376202,0.006186924016021903
2024-04-24,22402.400390625,22402.400390625,22476.44921875,22384.0,22421.55078125,235900,22359.13017578125,22190.42203125,0.0015379287654238016,0.005984510161380989
2024-04-25,22570.349609375,22570.349609375,22625.94921875,22305.25,22316.900390625,475000,22382.81015625,22207.4700390625,0.0074969296067168845,0.006132897461103467
2024-04-26,22419.94921875,22419.94921875,22620.400390625,22385.55078125,22620.400390625,329900,22403.57265625,22220.2190234375,-0.006663626980883297,0.006269237317723792
2024-04-29,22643.400390625,22643.400390625,22655.80078125,22441.900390625,22475.55078125,292000,22429.56015625,22240.766015625,0.00996662256880243,0.006517724585753122
2024-04-30,22604.849609375,22604.849609375,22783.349609375,22568.400390625,22679.650390625,361900,22443.4576171875,22257.9980078125,-0.00170251731563964,0.006263695400329915
2024-05-02,22648.19921875,22648.19921875,22710.5,22567.849609375,22567.849609375,445900,22452.767578125,22274.1609765625,0.0019177127972140884,0.006142699261448652
2024-05-03,22475.849609375,22475.849609375,22794.69921875,22348.05078125,22766.349609375,438100,22453.89501953125,22285.46296875,-0.007609859296553445,0.006400233740872528
2024-05-06,22442.69921875,22442.69921875,22588.80078125,22409.44921875,22561.599609375,320300,22454.2974609375,22293.50296875,-0.0014749338156797576,0.006406622149330035
2024-05-07,22302.5,22302.5,22499.05078125,22232.05078125,22489.75,297800,22443.68994140625,22297.10796875,-0.006246985595782073,0.0064972897276835365
2024-05-08,22302.5,22302.5,22368.650390625,22185.19921875,22231.19921875,277400,22433.12998046875,22299.218984375,0.0,0.006497437230213225
2024-05-09,21957.5,21957.5,22307.75,21932.400390625,22224.80078125,331300,22397.68994140625,22297.26796875,-0.01546911781190452,0.007073483632745517
2024-05-10,22055.19921875,22055.19921875,22131.30078125,21950.30078125,21990.94921875,265800,22368.31240234375,22294.02296875,0.0044494691449390444,0.00720023114621484
2024-05-13,22104.05078125,22104.05078125,22131.650390625,21821.05078125,22027.94921875,278200,22335.82490234375,22291.85,0.0022149680905385605,0.0071029278703853204
2024-05-14,22217.849609375,22217.849609375,22270.05078125,22081.25,22112.900390625,230200,22320.74736328125,22293.7659765625,0.005148324587705533,0.0069244550853946344
2024-05-15,22200.55078125,22200.55078125,22297.55078125,22151.75,22255.599609375,231900,22317.14990234375,22293.81,-0.0007786004689536163,0.006486776077037595
2024-05-16,22403.849609375,22403.849609375,22432.25,22054.55078125,22319.19921875,368900,22329.94736328125,22302.863984375,0.009157377676264788,0.006670237480130869
2024-05-17,22466.099609375,22466.099609375,22502.150390625,22345.650390625,22415.25,242700,22353.45986328125,22312.5299609375,0.0027785403439750667,0.006447339107981585
2024-05-21,22529.05078125,22529.05078125,22591.099609375,22404.55078125,22404.55078125,347600,22372.56240234375,22316.3359765625,0.002802051667603722,0.006317778571818428
2024-05-22,22597.80078125,22597.80078125,22629.5,22483.150390625,22576.599609375,290300,22385.632421875,22320.18,0.0030516154749500313,0.00608127575187995
2024-05-23,22967.650390625,22967.650390625,22993.599609375,22577.44921875,22614.099609375,369800,22415.61494140625,22332.4069921875,0.01636661960848307,0.007031564087817253
2024-05-24,22957.099609375,22957.099609375,23026.400390625,22908.0,22930.75,261900,22443.34990234375,22342.06796875,-0.0004593757337192361,0.007042885765701771
2024-05-27,22932.44921875,22932.44921875,23110.80078125,22871.19921875,23038.94921875,260000,22461.4548828125,22350.8459375,-0.0010737589261899938,0.006901939065069355
2024-05-28,22888.150390625,22888.150390625,22998.55078125,22858.5,22977.150390625,217900,22484.86494140625,22361.9559375,-0.0019317094176221072,0.006710393462928867
2024-05-29,22704.69921875,22704.69921875,22825.5,22685.44921875,22762.75,269900,22487.9298828125,22369.3359375,-0.008015115627261094,0.006658009225336294
2024-05-30,22488.650390625,22488.650390625,22705.75,22417.0,22617.44921875,373400,22482.119921875,22379.1549609375,-0.009515599658179275,0.006993567973327862
2024-05-31,22530.69921875,22530.69921875,22653.75,22465.099609375,22568.099609375,572100,22476.244921875,22386.8359375,0.0018697799732139142,0.006992799808738124
2024-06-03,23263.900390625,23263.900390625,23338.69921875,23062.30078125,23337.900390625,569400,22515.6474609375,22411.646953125,0.03254231769535276,0.009916986133910755
2024-06-04,21884.5,21884.5,23179.5,21281.44921875,23179.5,1006100,22487.7375,22408.22296875,-0.05929359941641077,0.016889363020191565
2024-06-05,22620.349609375,22620.349609375,22670.400390625,21791.94921875,22128.349609375,638500,22503.62998046875,22424.2809765625,0.033624236760035675,0.018526172847302038
2024-06-06,22821.400390625,22821.400390625,22910.150390625,22642.599609375,22798.599609375,480400,22529.575,22443.9269921875,0.008888049244237806,0.01861052907157331
2024-06-07,23290.150390625,23290.150390625,23320.19921875,22789.05078125,22821.849609375,473600,22596.20751953125,22469.491015625,0.020539931466807104,0.018642819271188493
2024-06-10,23259.19921875,23259.19921875,23411.900390625,23227.150390625,23319.150390625,304400,22656.40751953125,22492.74,-0.0013289382574128705,0.018665864761332807
2024-06-11,23264.849609375,23264.849609375,23389.44921875,23206.650390625,23283.75,305200,22714.4474609375,22517.9430078125,0.0002429314342191624,0.018674487677904413
2024-06-12,23322.94921875,23322.94921875,23441.94921875,23295.94921875,23344.44921875,295600,22769.70244140625,22541.928984375,0.002497312914139238,0.018665831102570748
2024-06-13,23398.900390625,23398.900390625,23481.05078125,23353.900390625,23480.94921875,268300,22829.619921875,22563.368984375,0.0032564994745150067,0.0186492108094938
2024-06-14,23465.599609375,23465.599609375,23490.400390625,23334.25,23464.94921875,223100,22882.707421875,22583.4409765625,0.0028505279152657437,0.01858927983575246
2024-06-18,23557.900390625,23557.900390625,23579.05078125,23499.69921875,23570.80078125,272200,22937.2974609375,22605.53296875,0.003933450786960613,0.018592034530373724
2024-06-19,23516.0,23516.0,23664.0,23412.900390625,23629.849609375,328800,22986.644921875,22627.1599609375,-0.0017786131162043084,0.018616864833787307
2024-06-20,23567.0,23567.0,23624.0,23442.599609375,23586.150390625,280300,23035.1048828125,22648.206953125,0.0021687361796223215,0.018616068799470968
2024-06-21,23501.099609375,23501.099609375,23667.099609375,23398.19921875,23661.150390625,609900,23061.77734375,22667.9549609375,-0.00279629951309035,0.018343452723738617
2024-06-24,23537.849609375,23537.849609375,23558.099609375,23350.0,23382.30078125,239400,23090.81484375,22685.3859375,0.00156375661610908,0.018338753539936962
2024-06-25,23721.30078125,23721.30078125,23754.150390625,23562.05078125,23577.099609375,298100,23130.257421875,22706.956953125,0.007793879853915442,0.018382631867903034
2024-06-26,23868.80078125,23868.80078125,23889.900390625,23670.44921875,23723.099609375,287800,23179.28994140625,22729.256953125,0.006218040121837909,0.018384588171463823
2024-06-27,24044.5,24044.5,24087.44921875,23805.400390625,23881.55078125,515200,23246.27998046875,22759.7589453125,0.007361040898544724,0.018253183770640804
2024-06-28,24010.599609375,24010.599609375,24174.0,23985.80078125,24085.900390625,354800,23322.37744140625,22794.5209375,-0.0014099020825968367,0.01804876556756618
2024-07-01,24141.94921875,24141.94921875,24164.0,23992.69921875,23992.94921875,0,23402.93994140625,22834.4019140625,0.005470484349075377,0.01805026654984554
2024-07-02,24123.849609375,24123.849609375,24236.349609375,24056.400390625,24228.75,0,23445.93740234375,22876.9619140625,-0.0007497161563467802,0.016729141534921384
2024-07-03,24286.5,24286.5,24309.150390625,24207.099609375,24291.75,0,23566.03740234375,22919.7519140625,0.006742306607722792,0.008495286351810615
2024-07-04,24302.150390625,24302.150390625,24401.0,24281.0,24369.94921875,251200,23650.12744140625,22959.0669140625,0.0006444070008029268,0.005297705136810788
2024-07-05,24323.849609375,24323.849609375,24363.0,24168.849609375,24213.349609375,298400,23725.24990234375,22998.18390625,0.0008928929498506211,0.005178411707890655
2024-07-08,24320.55078125,24320.55078125,24344.599609375,24240.55078125,24329.44921875,266300,23776.769921875,23036.5469140625,-0.00013562113637344275,0.0032348049984818666
2024-07-09,24433.19921875,24433.19921875,24443.599609375,24331.900390625,24351.0,250500,23835.469921875,23073.80390625,0.004631820986013446,0.003169215452196228
2024-07-10,24324.44921875,24324.44921875,24461.05078125,24141.80078125,24459.849609375,292300,23888.44990234375,23111.89390625,-0.004450911197766749,0.003499407512066489
2024-07-11,24315.94921875,24315.94921875,24402.650390625,24193.75,24396.55078125,306400,23938.09990234375,23145.3448828125,-0.0003494426502141934,0.003545773658920004
2024-07-12,24502.150390625,24502.150390625,24592.19921875,24331.150390625,24387.94921875,325800,23993.26240234375,23183.2908984375,0.007657573644356042,0.0037523406989908815
2024-07-15,24586.69921875,24586.69921875,24635.05078125,24522.75,24587.599609375,305400,24049.3173828125,23222.0608984375,0.003450669707641296,0.0037592594217427974
2024-07-16,24613.0,24613.0,24661.25,24587.650390625,24615.900390625,283200,24102.07236328125,23264.80390625,0.0010697158254551198,0.003750016508364517
2024-07-18,24800.849609375,24800.849609375,24837.75,24504.44921875,24543.80078125,350900,24166.31484375,23311.9669140625,0.007632129743428306,0.003814413767613046
2024-07-19,24530.900390625,24530.900390625,24854.80078125,24508.150390625,24853.80078125,343800,24214.50986328125,23356.534921875,-0.010884676251089243,0.004874266257599591
2024-07-22,24509.25,24509.25,24595.19921875,24362.30078125,24445.75,324200,24264.9173828125,23400.669921875,-0.0008825762723847497,0.004792896102462376
2024-07-23,24479.05078125,24479.05078125,24582.55078125,24074.19921875,24568.900390625,436400,24311.97744140625,23451.1009375,-0.0012321559717249908,0.0048502001785457475
2024-07-24,24413.5,24413.5,24504.25,24307.25,24444.94921875,366600,24346.58740234375,23498.266953125,-0.002677831825905974,0.004753057634079721
2024-07-25,24406.099609375,24406.099609375,24426.150390625,24210.80078125,24230.94921875,391800,24373.45234375,23544.3079296875,-0.0003031269840456652,0.004630854217342094
2024-07-26,24834.849609375,24834.849609375,24861.150390625,24410.900390625,24423.349609375,383800,24412.96982421875,23596.6479296875,0.01756732976027453,0.0057753030529244685
2024-07-29,24836.099609375,24836.099609375,24999.75,24774.599609375,24943.30078125,355000,24454.24482421875,23649.35890625,5.03324972633834e-05,0.0057439393149504485
2024-07-30,24857.30078125,24857.30078125,24971.75,24798.650390625,24839.400390625,385000,24490.01240234375,23698.4279296875,0.0008536433743000504,0.005677120491739879
2024-07-31,24951.150390625,24951.150390625,24984.599609375,24856.5,24886.69921875,333600,24531.37744140625,23748.1289453125,0.00377553501085659,0.005673907674638296
2024-08-01,25010.900390625,25010.900390625,25078.30078125,24956.400390625,25030.94921875,431300,24567.5974609375,23797.7659375,0.0023946791656728195,0.00555265030038749
2024-08-02,24717.69921875,24717.69921875,24851.900390625,24686.849609375,24789.0,345000,24588.37490234375,23840.16390625,-0.011722935491954689,0.0062907928258636855
2024-08-05,24055.599609375,24055.599609375,24350.05078125,23893.69921875,24302.849609375,487000,24574.96240234375,23861.922890625,-0.02678645789462286,0.00882074401187296
2024-08-06,23992.55078125,23992.55078125,24382.599609375,23960.400390625,24189.849609375,312300,24558.56240234375,23882.6319140625,-0.0026209626510589334,0.008832585492916925
2024-08-07,24297.5,24297.5,24337.69921875,24184.900390625,24289.400390625,317600,24551.77744140625,23909.9329296875,0.012710162480444431,0.009260757214577304
2024-08-08,24117.0,24117.0,24340.5,24079.69921875,24248.55078125,311900,24541.40498046875,23934.509921875,-0.007428747813561065,0.009355518781857626
2024-08-09,24367.5,24367.5,24419.75,24311.19921875,24386.849609375,215100,24543.98251953125,23967.7659375,0.010386864037815746,0.00966079003923006
2024-08-12,24347.0,24347.0,24472.80078125,24212.099609375,24320.05078125,279900,24536.225,24004.9329296875,-0.0008412844977941925,0.00949875798344971
2024-08-13,24139.0,24139.0,24359.94921875,24116.5,24342.349609375,239700,24513.8400390625,24037.0989453125,-0.008543146999630324,0.0096289122744113
2024-08-14,24143.75,24143.75,24196.5,24099.69921875,24184.400390625,303300,24490.3775390625,24054.6959375,0.00019677699987563635,0.009621612745803126
2024-08-16,24541.150390625,24541.150390625,24563.900390625,24204.5,24334.849609375,271600,24477.392578125,24107.8289453125,0.016459762490292462,0.010218444690956771
2024-08-19,24572.650390625,24572.650390625,24638.80078125,24522.94921875,24636.349609375,243600,24479.480078125,24146.8749609375,0.0012835584110202358,0.0099241294525728
2024-08-20,24698.849609375,24698.849609375,24734.30078125,24607.19921875,24648.900390625,238300,24488.96005859375,24184.4239453125,0.005135759339910173,0.009982817177402882
2024-08-21,24770.19921875,24770.19921875,24787.94921875,24654.5,24680.55078125,257100,24503.51748046875,24214.024921875,0.0028887826964991703,0.00998916802924442
2024-08-22,24811.5,24811.5,24867.349609375,24784.44921875,24863.400390625,220300,24523.41748046875,24245.0709375,0.001667357653657442,0.009960444825301947
2024-08-23,24823.150390625,24823.150390625,24858.400390625,24771.650390625,24845.400390625,206800,24544.27001953125,24276.236953125,0.00046955607782672715,0.009957209429671453
2024-08-26,25010.599609375,25010.599609375,25043.80078125,24874.69921875,24906.099609375,210300,24553.05751953125,24309.9899609375,0.007551387144671073,0.009305052071267843
2024-08-27,25017.75,25017.75,25073.099609375,24973.650390625,25024.80078125,223300,24562.1400390625,24342.366953125,0.0002858944102370753,0.009304743208294584
2024-08-28,25052.349609375,25052.349609375,25129.599609375,24964.650390625,25030.80078125,220400,24571.89248046875,24374.101953125,0.0013830024432652799,0.009306836811869279
2024-08-29,25151.94921875,25151.94921875,25192.900390625,24998.5,25035.30078125,354000,24581.932421875,24405.9829296875,0.00397565940632294,0.009310727258648406
2024-08-30,25235.900390625,25235.900390625,25268.349609375,25199.400390625,25249.69921875,638200,24593.182421875,24440.3809375,0.003337760073577778,0.009323514882531808
2024-09-02,25278.69921875,25278.69921875,25333.650390625,25235.5,25333.599609375,222800,24621.232421875,24474.614921875,0.001695950113232314,0.008870236933395012
2024-09-03,25279.849609375,25279.849609375,25321.69921875,25235.80078125,25313.400390625,212100,24682.444921875,24510.189921875,4.550829989491412e-05,0.005978735744389481
2024-09-04,25198.69921875,25198.69921875,25216.0,25083.80078125,25089.94921875,253800,24742.75234375,24543.4069140625,-0.0032100820170585243,0.006006689687032485
2024-09-05,25145.099609375,25145.099609375,25275.44921875,25127.75,25250.5,222200,24785.13232421875,24571.882890625,-0.0021270784221717465,0.005576577024761875
2024-09-06,24852.150390625,24852.150390625,25168.75,24801.30078125,25093.69921875,311700,24821.88984375,24591.5498828125,-0.011650350298901935,0.006004961196763691
2024-09-09,24936.400390625,24936.400390625,24957.5,24753.150390625,24823.400390625,254400,24850.33486328125,24609.387890625,0.003390048695012693,0.005654778148864589
2024-09-10,25041.099609375,25041.099609375,25130.5,24896.80078125,24999.400390625,251300,24885.03984375,24629.997890625,0.0041986500501236534,0.005672713176136286
2024-09-11,24918.44921875,24918.44921875,25113.69921875,24885.150390625,25034.0,279200,24924.0123046875,24645.527890625,-0.004897963449619458,0.005387066124902887
2024-09-12,25388.900390625,25388.900390625,25433.349609375,24941.44921875,25059.650390625,380100,24986.26982421875,24670.82890625,0.01887963282727112,0.006611011615566671
2024-09-13,25356.5,25356.5,25430.5,25292.44921875,25430.44921875,250800,25027.0373046875,24692.22890625,-0.0012761636040355961,0.0057829749917574745
2024-09-16,25383.75,25383.75,25445.69921875,25336.19921875,25406.650390625,168700,25067.59228515625,24713.8608984375,0.0010746751326089488,0.00578386273345941
2024-09-17,25418.55078125,25418.55078125,25441.650390625,25352.25,25416.900390625,216000,25103.57734375,24735.754921875,0.0013709866056039743,0.005725099056660683
2024-09-18,25377.55078125,25377.55078125,25482.19921875,25285.55078125,25402.400390625,215700,25133.944921875,24756.894921875,-0.0016129951842196455,0.005754087445584814
2024-09-19,25415.80078125,25415.80078125,25611.94921875,25376.05078125,25487.05078125,314500,25164.1599609375,24776.546953125,0.0015072376499098983,0.005753554707932916
2024-09-20,25790.94921875,25790.94921875,25849.25,25426.599609375,25525.94921875,533100,25212.54990234375,24805.876953125,0.014760441377741573,0.006495122747223489
2024-09-23,25939.05078125,25939.05078125,25956.0,25847.349609375,25872.55078125,209200,25258.9724609375,24838.338984375,0.005742385099666292,0.00642499765738235
2024-09-24,25940.400390625,25940.400390625,26011.55078125,25886.849609375,25921.44921875,384100,25305.10498046875,24867.103984375,5.2030021699067674e-05,0.006428193954228347
2024-09-25,26004.150390625,26004.150390625,26032.80078125,25871.349609375,25899.44921875,278500,25352.69501953125,24895.4530078125,0.0024575565157058943,0.0064287345609718065
2024-09-26,26216.05078125,26216.05078125,26250.900390625,25998.400390625,26005.400390625,370900,25405.90009765625,24927.5140234375,0.008148714241454025,0.006566384397884294
2024-09-27,26178.94921875,26178.94921875,26277.349609375,26151.400390625,26248.25,490300,25453.0525390625,24955.076015625,-0.0014152231703233875,0.006604911024339943
2024-09-30,25810.849609375,25810.849609375,26134.69921875,25794.099609375,26061.30078125,343100,25479.66005859375,24980.675,-0.014060900852023384,0.007503691511254075
2024-10-01,25796.900390625,25796.900390625,25907.599609375,25739.19921875,25788.44921875,247400,25505.51259765625,25006.4280078125,-0.0005404401234794243,0.0075090393447220264
2024-10-03,25250.099609375,25250.099609375,25639.44921875,25230.30078125,25452.849609375,423400,25508.0826171875,25021.848984375,-0.021196375260987388,0.00897813049986697
2024-10-04,25014.599609375,25014.599609375,25485.05078125,24966.80078125,25181.900390625,374900,25501.5576171875,25033.8709765625,-0.009326695880144675,0.009215034010802052
2024-10-07,24795.75,24795.75,25143.0,24694.349609375,25084.099609375,374300,25498.73759765625,25041.663984375,-0.008748875168602677,0.009046914382337205
2024-10-08,25013.150390625,25013.150390625,25044.0,24756.80078125,24832.19921875,333200,25502.57509765625,25045.23,0.00876764730346924,0.009233300261906722
2024-10-09,24981.94921875,24981.94921875,25234.05078125,24947.69921875,25065.80078125,290600,25499.617578125,25048.1469921875,-0.0012473907279866303,0.009189188764786693
2024-10-10,24998.44921875,24998.44921875,25134.05078125,24979.400390625,25067.05078125,261400,25503.617578125,25050.9699609375,0.0006604768849507447,0.009119533848418739
2024-10-11,24964.25,24964.25,25028.650390625,24920.05078125,24985.30078125,210500,25482.38505859375,25051.231953125,-0.0013680536120755926,0.007990708716756039
2024-10-14,25127.94921875,25127.94921875,25159.75,25017.5,25023.44921875,206400,25470.95751953125,25053.5729296875,0.006557345754428789,0.008157041818542706
2024-10-15,25057.349609375,25057.349609375,25212.05078125,25008.150390625,25186.30078125,257200,25454.6375,25060.3659375,-0.0028096049048969007,0.008165796091180923
2024-10-16,24971.30078125,24971.30078125,25093.400390625,24908.44921875,25008.55078125,226800,25432.275,25078.6799609375,-0.0034340754096676696,0.008174968435952178
2024-10-17,24749.849609375,24749.849609375,25029.5,24728.900390625,25027.400390625,252800,25400.88994140625,25093.8259375,-0.008868227322834543,0.008369029608443147
2024-10-18,24854.05078125,24854.05078125,24886.19921875,24567.650390625,24664.94921875,290900,25372.80244140625,25104.956953125,0.004210173941240125,0.008436904776834621
2024-10-21,24781.099609375,24781.099609375,24978.30078125,24679.599609375,24956.150390625,242000,25322.3099609375,25118.2389453125,-0.00293518237799828,0.007571437602264212
2024-10-22,24472.099609375,24472.099609375,24882.0,24445.80078125,24798.650390625,279500,25248.96240234375,25120.3309375,-0.012469180337869368,0.007689562300108754
2024-10-23,24435.5,24435.5,24604.25,24378.099609375,24378.150390625,284600,25173.7173828125,25122.1009375,-0.001495564743491773,0.007666273800998428
2024-10-24,24399.400390625,24399.400390625,24480.650390625,24341.19921875,24412.69921875,216700,25093.4798828125,25127.3089453125,-0.0014773427748562273,0.007569924553931221
2024-10-25,24180.80078125,24180.80078125,24440.25,24073.900390625,24418.05078125,372600,24991.7173828125,25128.0499609375,-0.008959220549493163,0.007182361370843011
2024-10-28,24339.150390625,24339.150390625,24492.599609375,24134.900390625,24251.099609375,278600,24899.72744140625,25124.0099609375,0.0065485676346082045,0.0075452490875972285
2024-10-29,24466.849609375,24466.849609375,24484.5,24140.849609375,24328.849609375,332000,24832.52744140625,25121.8939453125,0.0052466588480091225,0.007370821577222151
2024-10-30,24340.849609375,24340.849609375,24498.19921875,24307.30078125,24371.44921875,285200,24759.72490234375,25114.7339453125,-0.005149825253829232,0.007373639421815905
2024-10-31,24205.349609375,24205.349609375,24372.44921875,24172.599609375,24349.849609375,287000,24707.48740234375,25103.436953125,-0.005566773640794054,0.006036690556793154
2024-11-01,24304.349609375,24304.349609375,24368.25,24280.19921875,24302.75,38800,24671.97490234375,25093.2939453125,0.004090004961616156,0.005935179353504053
2024-11-04,23995.349609375,23995.349609375,24316.75,23816.150390625,24315.75,285500,24631.9548828125,25076.7379296875,-0.0127137736646451,0.006250610117557521
2024-11-05,24213.30078125,24213.30078125,24229.05078125,23842.75,23916.5,289500,24591.96240234375,25060.791953125,0.00908305881860727,0.0062785353140402105
2024-11-06,24484.05078125,24484.05078125,24537.599609375,24204.05078125,24308.75,351100,24567.06748046875,25050.11796875,0.011181870759630508,0.006900150210908469
2024-11-07,24199.349609375,24199.349609375,24503.349609375,24179.05078125,24489.599609375,322200,24527.1125,25033.05796875,-0.011628025706147627,0.007282581694171615
2024-11-08,24148.19921875,24148.19921875,24276.150390625,24066.650390625,24207.69921875,298700,24486.3099609375,25012.98296875,-0.002113709312467793,0.007283251942127959
2024-11-11,24141.30078125,24141.30078125,24336.80078125,24004.599609375,24087.25,273400,24436.9775390625,24991.0909765625,-0.00028567088740283353,0.00703462227732943
2024-11-12,23883.44921875,23883.44921875,24242.0,23839.150390625,24225.80078125,255800,24378.28251953125,24963.1859765625,-0.010680930776533315,0.007298864346514989
2024-11-13,23559.05078125,23559.05078125,23873.599609375,23509.599609375,23822.44921875,304600,24307.67001953125,24928.77,-0.013582562322921432,0.0077174350782417255
2024-11-14,23532.69921875,23532.69921875,23675.900390625,23484.150390625,23542.150390625,257700,24246.8125,24895.45,-0.0011185324376894457,0.007594428969072362
2024-11-18,23453.80078125,23453.80078125,23606.80078125,23350.400390625,23605.30078125,263300,24176.8,24861.6240234375,-0.0033527151631265184,0.0074297116461446
2024-11-19,23518.5,23518.5,23780.650390625,23464.80078125,23529.55078125,297500,24113.67001953125,24834.951015625,0.002758581406631766,0.0075353740431651555
2024-11-21,23349.900390625,23349.900390625,23507.30078125,23263.150390625,23488.44921875,420300,24057.56005859375,24803.221015625,-0.007168807933116472,0.007257508086339466
2024-11-22,23907.25,23907.25,23956.099609375,23359.0,23411.80078125,367600,24031.14755859375,24780.5440234375,0.023869464111237804,0.009329515627857424
2024-11-25,24221.900390625,24221.900390625,24351.55078125,24135.44921875,24253.55078125,687200,24022.27255859375,24766.613046875,0.013161295867362366,0.009853799723965596
2024-11-26,24194.5,24194.5,24343.30078125,24125.400390625,24343.30078125,230700,24022.95751953125,24742.7250390625,-0.0011312238174179257,0.009645815151928201
2024-11-27,24274.900390625,24274.900390625,24354.55078125,24145.650390625,24204.80078125,295000,24019.74501953125,24721.093046875,0.003323085437806128,0.009558404768297389
2024-11-28,23914.150390625,23914.150390625,24345.75,23873.349609375,24274.150390625,366700,23992.11005859375,24691.7010546875,-0.014861029054492936,0.010014278013219467
2024-11-29,24131.099609375,24131.099609375,24188.44921875,23927.150390625,23927.150390625,282100,23981.62255859375,24665.95203125,0.009072001940535257,0.010214085271972576
2024-12-02,24276.05078125,24276.05078125,24301.69921875,24008.650390625,24140.849609375,220400,23985.1576171875,24643.92203125,0.006006820004948565,0.010232788348723263
2024-12-03,24457.150390625,24457.150390625,24481.349609375,24280.0,24367.5,339500,23992.79765625,24624.7490234375,0.007460011144599932,0.010327601151752804
2024-12-04,24467.44921875,24467.44921875,24573.19921875,24366.30078125,24488.75,348000,24016.40263671875,24598.2790234375,0.00042109681465385407,0.009859212790389218
2024-12-05,24708.400390625,24708.400390625,24857.75,24295.55078125,24539.150390625,361500,24041.1576171875,24573.666015625,0.009847825562885104,0.009893551133568127
2024-12-06,24677.80078125,24677.80078125,24751.05078125,24620.5,24729.44921875,226700,24050.8451171875,24548.4140234375,-0.0012384293961259507,0.00961045420221077
2024-12-09,24619.0,24619.0,24705.0,24580.05078125,24633.900390625,248100,24071.82763671875,24520.711015625,-0.0023827399277279726,0.00921369388798281
2024-12-10,24610.05078125,24610.05078125,24677.80078125,24510.650390625,24652.650390625,261000,24094.92021484375,24488.591015625,-0.0003635086213900074,0.009191847433898398
2024-12-11,24641.80078125,24641.80078125,24691.75,24583.849609375,24620.5,187300,24119.94521484375,24457.848046875,0.0012901233029631864,0.009187110394886806
2024-12-12,24548.69921875,24548.69921875,24675.25,24527.94921875,24604.44921875,266100,24153.20771484375,24432.6050390625,-0.003778196379659149,0.008845884076526839
2024-12-13,24768.30078125,24768.30078125,24792.30078125,24180.80078125,24498.349609375,310100,24213.67021484375,24412.033046875,0.008945547808588916,0.008250365390736645
2024-12-16,24668.25,24668.25,24781.25,24601.75,24753.400390625,187600,24270.44775390625,24400.3960546875,-0.004039468921733236,0.008343823820119924
2024-12-17,24336.0,24336.0,24624.099609375,24303.44921875,24584.80078125,264900,24314.55771484375,24386.8240625,-0.013468730047733413,0.008991845930358388
2024-12-18,24198.849609375,24198.849609375,24394.44921875,24149.849609375,24297.94921875,235300,24348.5751953125,24374.8860546875,-0.005635699812006956,0.00914361170564914
2024-12-19,23951.69921875,23951.69921875,24004.900390625,23870.30078125,23877.150390625,271100,24378.66513671875,24353.65703125,-0.010213311567061067,0.009318608715326929
2024-12-20,23587.5,23587.5,24065.80078125,23537.349609375,23960.69921875,442700,24362.67763671875,24325.768046875,-0.01520556915080562,0.008390836082838079
2024-12-23,23753.44921875,23753.44921875,23869.55078125,23647.19921875,23738.19921875,189800,24339.255078125,24300.868046875,0.0070354729729729115,0.007961365166385905
2024-12-24,23727.650390625,23727.650390625,23867.650390625,23685.150390625,23769.099609375,177700,24315.91259765625,24276.1360546875,-0.0010861087115143775,0.007961316253772008
2024-12-26,23750.19921875,23750.19921875,23854.5,23653.599609375,23775.80078125,177700,24289.6775390625,24248.5810546875,0.0009503186263191132,0.007911915326517542
2024-12-27,23813.400390625,23813.400390625,23938.849609375,23800.599609375,23801.400390625,176800,24284.6400390625,24223.7020703125,0.002661079652128029,0.007245589745673864
2024-12-30,23644.900390625,23644.900390625,23915.349609375,23599.30078125,23796.900390625,364900,24260.330078125,24197.1740625,-0.007075847935867907,0.007056882535110665
2024-12-31,23644.80078125,23644.80078125,23689.849609375,23460.44921875,23560.599609375,193600,24228.767578125,24175.0730859375,-4.212721278373799e-06,0.006868540895409268
2025-01-01,23742.900390625,23742.900390625,23822.80078125,23562.80078125,23637.650390625,154900,24193.055078125,24152.850078125,0.004148887118253564,0.006683854244035603
2025-01-02,24188.650390625,24188.650390625,24226.69921875,23751.55078125,23783.0,283200,24179.11513671875,24141.00109375,0.018774033191665485,0.008071472347396488
2025-01-03,24004.75,24004.75,24196.44921875,23976.0,24196.400390625,312300,24143.9326171875,24131.6541015625,-0.007602755327609123,0.007828782454655951
2025-01-06,23616.05078125,23616.05078125,24089.94921875,23551.900390625,24045.80078125,278100,24090.8451171875,24115.2651171875,-0.016192595996625703,0.008496711275213939
2025-01-07,23707.900390625,23707.900390625,23795.19921875,23637.80078125,23679.900390625,262300,24045.29013671875,24101.4351171875,0.0038892874268343647,0.00860321984767973
2025-01-08,23688.94921875,23688.94921875,23751.849609375,23496.150390625,23746.650390625,266400,23999.23505859375,24091.5980859375,-0.0007993610384197103,0.008599811452335912
2025-01-09,23526.5,23526.5,23689.5,23503.05078125,23674.75,269200,23943.47001953125,24075.345078125,-0.006857594959147506,0.008635127313973505
2025-01-10,23431.5,23431.5,23596.599609375,23344.349609375,23551.900390625,261000,23887.61005859375,24054.6380859375,-0.004037999702463213,0.00863769834156323
2025-01-13,23085.94921875,23085.94921875,23340.94921875,23047.25,23195.400390625,316500,23803.49248046875,24029.540078125,-0.014747275302477436,0.008640269366396326
2025-01-14,23176.05078125,23176.05078125,23264.94921875,23134.150390625,23165.900390625,311200,23728.88251953125,24008.9541015625,0.003902874499386977,0.008794128198215654
2025-01-15,23213.19921875,23213.19921875,23293.650390625,23146.44921875,23250.44921875,228000,23672.74248046875,23987.13109375,0.0016028803979861728,0.008497648351572898
2025-01-16,23311.80078125,23311.80078125,23391.650390625,23272.05078125,23377.25,299400,23628.3900390625,23973.4601171875,0.004247650725383689,0.008581924303393875
2025-01-17,23203.19921875,23203.19921875,23292.099609375,23100.349609375,23277.099609375,272900,23590.9650390625,23953.2580859375,-0.004658651792672774,0.00838395507994044
2025-01-20,23344.75,23344.75,23391.099609375,23170.650390625,23290.400390625,301500,23578.8275390625,23930.4720703125,0.006100485537167577,0.007897366442335997
2025-01-21,23024.650390625,23024.650390625,23426.30078125,22976.849609375,23421.650390625,312900,23542.38759765625,23906.9780859375,-0.013711845677293555,0.008213488098421916
2025-01-22,23155.349609375,23155.349609375,23169.55078125,22981.30078125,23099.150390625,276000,23513.77255859375,23887.12109375,0.0056764909144164655,0.008370205178139075
2025-01-23,23205.349609375,23205.349609375,23270.80078125,23090.650390625,23128.30078125,275600,23486.530078125,23868.4020703125,0.0021593282262408753,0.008390791786397064
2025-01-24,23092.19921875,23092.19921875,23347.30078125,23050.0,23183.900390625,264300,23450.47001953125,23852.5770703125,-0.004876047658393667,0.008380990218557635
2025-01-27,22829.150390625,22829.150390625,23007.44921875,22786.900390625,22940.150390625,257400,23409.68251953125,23837.9790625,-0.011391241935562957,0.008585077406364513
2025-01-28,22957.25,22957.25,23137.94921875,22857.650390625,22960.44921875,361900,23375.30498046875,23826.470078125,0.005611229817278129,0.008734629596835304
2025-01-29,23163.099609375,23163.099609375,23183.349609375,22976.5,23026.75,226300,23346.31494140625,23820.6560546875,0.008966649288351114,0.008960337392298543
2025-01-30,23249.5,23249.5,23322.05078125,23139.19921875,23169.5,361900,23299.357421875,23815.2760546875,0.003730087599762788,0.0077445280491294085
2025-01-31,23508.400390625,23508.400390625,23546.80078125,23277.400390625,23296.75,304900,23274.53994140625,23818.4460546875,0.011135740150325812,0.00814759003392066
2025-02-01,23482.150390625,23482.150390625,23632.44921875,23318.30078125,23528.599609375,281000,23267.844921875,23809.9440625,-0.0011166221250199504,0.007325127571834929
2025-02-03,23361.05078125,23361.05078125,23381.599609375,23222.0,23319.349609375,329700,23250.50244140625,23792.7270703125,-0.005157091976693451,0.007334809000595648
2025-02-04,23739.25,23739.25,23762.75,23423.150390625,23509.900390625,376700,23253.01748046875,23783.6220703125,0.016189306820631133,0.008250586565334303
2025-02-05,23696.30078125,23696.30078125,23807.30078125,23680.44921875,23801.75,267000,23261.50751953125,23772.050078125,-0.001809207062143936,0.008101156946032076
2025-02-06,23603.349609375,23603.349609375,23773.55078125,23556.25,23761.94921875,307000,23270.1,23765.8340625,-0.003922602634608197,0.008097877026962078
2025-02-07,23559.94921875,23559.94921875,23694.5,23443.19921875,23649.5,368100,23293.8,23754.4110546875,-0.0018387386257991967,0.007302720186324735
2025-02-10,23381.599609375,23381.599609375,23568.599609375,23316.30078125,23543.80078125,234200,23304.07744140625,23736.52203125,-0.007570033692307909,0.007513730009324804
2025-02-11,23071.80078125,23071.80078125,23390.05078125,22986.650390625,23383.55078125,268000,23297.00751953125,23708.8150390625,-0.013249684936046169,0.008106317098047265
2025-02-12,23045.25,23045.25,23144.69921875,22798.349609375,23050.80078125,279700,23283.67998046875,23680.3710546875,-0.0011507892904301098,0.00803740874288434
2025-02-13,23031.400390625,23031.400390625,23235.5,22992.19921875,23055.75,265700,23275.0900390625,23646.8310546875,-0.0006009745771905495,0.007979083876034238
2025-02-14,22929.25,22929.25,23133.69921875,22774.849609375,23096.44921875,254500,23254.3150390625,23611.8600390625,-0.004435266153706374,0.007878565615271301
2025-02-17,22959.5,22959.5,22974.19921875,22725.44921875,22809.900390625,207400,23251.05751953125,23578.6700390625,0.0013192755977626813,0.007283323322306727
2025-02-18,22945.30078125,22945.30078125,22992.5,22801.5,22963.650390625,210600,23240.555078125,23545.3750390625,-0.0006184463402948426,0.007154685425972085
2025-02-19,22932.900390625,22932.900390625,23049.94921875,22814.849609375,22847.25,207000,23226.9326171875,23511.19703125,-0.0005404326900405598,0.007128657149129934
2025-02-20,22913.150390625,22913.150390625,22923.849609375,22812.75,22821.099609375,240800,23217.98017578125,23478.4860546875,-0.0008612081186238907,0.007057075418788735
2025-02-21,22795.900390625,22795.900390625,22921.0,22720.30078125,22857.19921875,242800,23216.31767578125,23439.038046875,-0.005117148798882476,0.0066699915435604615
2025-02-24,22553.349609375,22553.349609375,22668.05078125,22518.80078125,22609.349609375,214300,23196.12265625,23396.7400390625,-0.010640105330068539,0.006928674338328665
2025-02-25,22547.55078125,22547.55078125,22625.30078125,22513.900390625,22516.44921875,250300,23165.34521484375,23360.9710546875,-0.00025711604818956513,0.006535691713086592
2025-02-27,22545.05078125,22545.05078125,22613.30078125,22508.400390625,22568.94921875,289200,23130.12275390625,23327.895078125,-0.00011087678764998277,0.006434971655507554
2025-02-28,22124.69921875,22124.69921875,22450.349609375,22104.849609375,22433.400390625,551300,23060.9376953125,23291.355078125,-0.018644959666695105,0.006788780235717665
2025-03-03,22119.30078125,22119.30078125,22261.55078125,22004.69921875,22194.55078125,282400,22992.79521484375,23261.99109375,-0.00024400049223838316,0.006804352840477398
2025-03-04,22082.650390625,22082.650390625,22105.05078125,21964.599609375,21974.44921875,253300,22928.8751953125,23228.5751171875,-0.0016569416451024388,0.006789947544430373
2025-03-05,22337.30078125,22337.30078125,22394.900390625,22067.80078125,22073.05078125,305900,22858.777734375,23200.768125,0.011531695069225467,0.006154994608080434
2025-03-06,22544.69921875,22544.69921875,22556.44921875,22245.849609375,22476.349609375,372100,22801.19765625,23176.658125,0.009284847776867,0.006741872511035169
2025-03-07,22552.5,22552.5,22633.80078125,22464.75,22508.650390625,289800,22748.65517578125,23151.4401171875,0.00034601398645017767,0.006760879062844287
2025-03-10,22460.30078125,22460.30078125,22676.75,22429.05078125,22521.849609375,293900,22693.67275390625,23127.748125,-0.004088203913091726,0.006772330446531724
2025-03-11,22497.900390625,22497.900390625,22522.099609375,22314.69921875,22345.94921875,347900,22649.48779296875,23104.8101171875,0.0016740474556060647,0.006713606127342443
2025-03-12,22470.5,22470.5,22577.400390625,22329.55078125,22536.349609375,369700,22619.42275390625,23079.362109375,-0.0012179087892316698,0.006159553458062536
2025-03-13,22397.19921875,22397.19921875,22558.05078125,22377.349609375,22541.5,287500,22587.02021484375,23043.5330859375,-0.003262089461738671,0.006174908957813735
2025-03-17,22508.75,22508.75,22577.0,22353.150390625,22353.150390625,251100,22560.8876953125,23013.6130859375,0.004980568336268254,0.006337250238334611
2025-03-18,22834.30078125,22834.30078125,22857.80078125,22599.19921875,22662.25,272600,22556.140234375,22997.9780859375,0.01446329899483545,0.007172108190024466
2025-03-19,22907.599609375,22907.599609375,22940.69921875,22807.94921875,22874.94921875,324000,22553.54521484375,22981.9720703125,0.0032100316461272094,0.0072053364993456565
2025-03-20,23190.650390625,23190.650390625,23216.69921875,22973.94921875,23036.599609375,313700,22565.8126953125,22972.00609375,0.012356195589090069,0.007720757270574662
2025-03-21,23350.400390625,23350.400390625,23402.69921875,23132.80078125,23168.25,541000,22586.6876953125,22968.4841015625,0.0068885519512889015,0.007842756131551805
2025-03-24,23658.349609375,23658.349609375,23708.75,23433.5,23515.400390625,311900,22623.94765625,22973.02109375,0.013188177230298859,0.008290146758619563
2025-03-25,23668.650390625,23668.650390625,23869.599609375,23601.400390625,23751.5,338200,22667.58515625,22984.6751171875,0.00043539728764163677,0.008143835151219426
2025-03-26,23486.849609375,23486.849609375,23736.5,23451.69921875,23700.94921875,278600,22714.26015625,22990.89109375,-0.007681079328545448,0.007927812463540195
2025-03-27,23591.94921875,23591.94921875,23646.44921875,23412.19921875,23433.94921875,510300,22766.480078125,22998.46609375,0.004474827877002596,0.007925637479563378
2025-03-28,23519.349609375,23519.349609375,23649.19921875,23450.19921875,23600.400390625,295400,22815.19501953125,23002.6170703125,-0.0030773044101545244,0.00800046206529427
2025-04-01,23165.69921875,23165.69921875,23565.150390625,23136.400390625,23341.099609375,314300,22867.24501953125,23001.8670703125,-0.015036571865236992,0.0075339629842573605
2025-04-02,23332.349609375,23332.349609375,23350.0,23158.44921875,23192.599609375,341000,22927.8974609375,23001.6190625,0.0071938424586863725,0.007583706294406291
2025-04-03,23250.099609375,23250.099609375,23306.5,23145.80078125,23150.30078125,283200,22986.269921875,23006.128046875,-0.0035251486188494496,0.007651404510805503
2025-04-04,22904.44921875,22904.44921875,23214.69921875,22857.44921875,23190.400390625,466800,23014.62734375,23001.1100390625,-0.014866619775066536,0.00828177244956679
2025-04-07,22161.599609375,22161.599609375,22254.0,21743.650390625,21758.400390625,647100,22995.47236328125,22980.2350390625,-0.03243254628305536,0.010976520815919768
2025-04-08,22535.849609375,22535.849609375,22697.19921875,22270.849609375,22446.75,468300,22994.63984375,22969.108046875,0.016887318902814252,0.011668681653596883
2025-04-09,22399.150390625,22399.150390625,22468.69921875,22353.25,22460.30078125,383800,22991.58232421875,22960.508046875,-0.006065856008070525,0.011713693822755885
2025-04-11,22828.55078125,22828.55078125,22923.900390625,22695.400390625,22695.400390625,402200,23008.11484375,22957.9340625,0.019170387409190415,0.012479180681693241
2025-04-15,23328.55078125,23328.55078125,23368.349609375,23207.0,23368.349609375,388300,23051.0173828125,22961.2430859375,0.02190239778210845,0.013324271233649366
2025-04-16,23437.19921875,23437.19921875,23452.19921875,23273.05078125,23344.099609375,348400,23103.0173828125,22964.9970703125,0.004657316201027051,0.013278503260571724
2025-04-17,23851.650390625,23851.650390625,23872.349609375,23298.55078125,23401.849609375,505300,23170.16240234375,22971.8620703125,0.017683476937954135,0.013707518639145877
2025-04-21,24125.55078125,24125.55078125,24189.55078125,23903.650390625,23949.150390625,406100,23234.72490234375,22984.730078125,0.011483498464016417,0.013591971350893255
2025-04-22,24167.25,24167.25,24242.599609375,24072.0,24185.400390625,440900,23297.707421875,23000.8540625,0.0017284255654137493,0.013593899162196896
2025-04-23,24328.94921875,24328.94921875,24359.30078125,24119.94921875,24357.599609375,415000,23354.62236328125,23012.648046875,0.006690840652122221,0.0134417668433856
2025-04-24,24246.69921875,24246.69921875,24347.849609375,24216.150390625,24277.900390625,358800,23399.4373046875,23023.656015625,-0.0033807460922566923,0.013460826046709543
2025-04-25,24039.349609375,24039.349609375,24365.44921875,23847.849609375,24289.0,387700,23418.4873046875,23032.376015625,-0.00855166336268387,0.013384938667871982
2025-04-28,24328.5,24328.5,24355.099609375,24054.05078125,24070.25,320500,23451.47978515625,23047.74703125,0.012028211882747275,0.013613530051535127
2025-04-29,24335.94921875,24335.94921875,24457.650390625,24290.75,24370.69921875,357600,23493.934765625,23066.8340234375,0.0003061930965739812,0.013447268595273495
2025-04-30,24334.19921875,24334.19921875,24396.150390625,24198.75,24342.05078125,424500,23531.047265625,23092.0819921875,-7.191007773188485e-05,0.013439229469728513
2025-05-02,24346.69921875,24346.69921875,24589.150390625,24238.5,24311.900390625,421100,23572.41474609375,23118.1109765625,0.0005136803511647248,0.013396863769237148
2025-05-05,24461.150390625,24461.150390625,24526.400390625,24400.650390625,24419.5,291500,23637.1873046875,23146.7059765625,0.004700890697612925,0.012803965388461553
2025-05-06,24379.599609375,24379.599609375,24509.650390625,24331.80078125,24500.75,302400,23689.5498046875,23175.71296875,-0.0033338898599493128,0.012830311341869578
2025-05-07,24414.400390625,24414.400390625,24449.599609375,24220.0,24233.30078125,330100,23747.76484375,23204.8109765625,0.0014274549954715887,0.012760050886517363
2025-05-08,24273.80078125,24273.80078125,24447.25,24150.19921875,24431.5,411400,23816.232421875,23231.3809765625,-0.005758880297096702,0.012259447133412324
2025-05-09,24008.0,24008.0,24164.25,23935.75,23935.75,335600,23908.55244140625,23252.88296875,-0.0109501096942064,0.00965876935871114
2025-05-12,24924.69921875,24924.69921875,24944.80078125,24378.849609375,24420.099609375,368700,24027.994921875,23293.1139453125,0.038183073090219954,0.012030654679017231
2025-05-13,24578.349609375,24578.349609375,24973.80078125,24547.5,24864.05078125,423000,24136.9548828125,23328.7629296875,-0.01389583907654357,0.012530763373035053
2025-05-14,24666.900390625,24666.900390625,24767.55078125,24535.55078125,24613.80078125,345500,24228.87236328125,23371.0339453125,0.0036027960647213586,0.012061038377125627
2025-05-15,25062.099609375,25062.099609375,25116.25,24494.44921875,24694.44921875,500800,24315.5498046875,23421.324921875,0.01602143814146184,0.011665481199638946
2025-05-16,25019.80078125,25019.80078125,25070.0,24953.05078125,25064.650390625,432700,24394.6798828125,23470.819921875,-0.0016877607536591732,0.011722903912665693
2025-05-19,24945.44921875,24945.44921875,25062.94921875,24916.650390625,25005.349609375,255300,24449.36982421875,23527.234921875,-0.0029717088137536374,0.011294497789405578
2025-05-20,24683.900390625,24683.900390625,25010.349609375,24669.69921875,24996.19921875,414800,24477.2873046875,23578.5269140625,-0.010484831354666824,0.011422317356106985
2025-05-21,24813.44921875,24813.44921875,24946.19921875,24685.349609375,24744.25,332700,24509.597265625,23633.142890625,0.00524831270888626,0.011457855845606433
2025-05-22,24609.69921875,24609.69921875,24737.5,24462.400390625,24733.94921875,403300,24523.634765625,23678.590859375,-0.008211272774042211,0.011578345412198019
2025-05-23,24853.150390625,24853.150390625,24909.05078125,24614.05078125,24639.5,270500,24553.95732421875,23724.7598828125,0.009892488718005854,0.011715543264284107
2025-05-26,25001.150390625,25001.150390625,25079.19921875,24900.5,24919.349609375,302800,24602.04736328125,23773.732890625,0.005954979456279652,0.01152093488697618
2025-05-27,24826.19921875,24826.19921875,25062.900390625,24704.099609375,24956.650390625,525700,24626.93232421875,23821.050859375,-0.0069977248703164685,0.011436732628886689
2025-05-28,24752.44921875,24752.44921875,24864.25,24737.05078125,24832.5,684400,24647.75732421875,23866.1418359375,-0.0029706520659956714,0.011471735120172362
2025-05-29,24833.599609375,24833.599609375,24892.599609375,24677.30078125,24825.099609375,345400,24672.72734375,23913.403828125,0.003278479228775888,0.011481092438887409
2025-05-30,24750.69921875,24750.69921875,24863.94921875,24717.400390625,24812.599609375,853900,24692.92734375,23960.473828125,-0.00333823496911434,0.011523288447280712
2025-06-02,24716.599609375,24716.599609375,24754.400390625,24526.150390625,24669.69921875,311100,24705.6998046875,24004.6308203125,-0.0013777230725331435,0.011497492286597426
2025-06-03,24542.5,24542.5,24845.099609375,24502.150390625,24786.30078125,349300,24713.84482421875,24038.7948046875,-0.007043833380258491,0.011593513709590438
2025-06-04,24620.19921875,24620.19921875,24644.25,24530.44921875,24560.44921875,280900,24724.134765625,24073.046796875,0.003165904807986175,0.011608161663587822
2025-06-05,24750.900390625,24750.900390625,24899.849609375,24613.099609375,24691.19921875,388400,24747.98974609375,24104.251796875,0.005308696762106768,0.011558641924580613
2025-06-06,25003.05078125,25003.05078125,25029.5,24671.44921875,24748.69921875,335600,24797.74228515625,24137.3048046875,0.01018752395450262,0.011369793206619397
2025-06-09,25103.19921875,25103.19921875,25160.099609375,25077.150390625,25160.099609375,279200,24806.66728515625,24166.201796875,0.004005448710087123,0.007605207325541562
2025-06-10,25104.25,25104.25,25199.30078125,25055.44921875,25196.05078125,307300,24832.9623046875,24194.9137890625,4.18584595869298e-05,0.006826518088361264
2025-06-11,25141.400390625,25141.400390625,25222.400390625,25081.30078125,25134.150390625,301200,24856.6873046875,24228.0048046875,0.0014798446727146697,0.00680170566456551
2025-06-12,24888.19921875,24888.19921875,25196.19921875,24825.900390625,25164.44921875,328300,24847.99228515625,24253.9298046875,-0.010071084662786611,0.006243243573333405
2025-06-13,24718.599609375,24718.599609375,24754.349609375,24473.0,24473.0,318700,24832.9322265625,24277.9148046875,-0.006814458847919758,0.006405091405595799
2025-06-16,24946.5,24946.5,24967.099609375,24703.599609375,24732.349609375,305800,24832.984765625,24313.5308203125,0.00921979376770854,0.006737587483012428
2025-06-17,24853.400390625,24853.400390625,24982.05078125,24813.69921875,24977.849609375,242400,24841.459765625,24343.9518359375,-0.0037319707924959866,0.006340773320180073
2025-06-18,24812.05078125,24812.05078125,24947.55078125,24750.44921875,24788.349609375,237600,24841.38984375,24375.190859375,-0.0016637405234334324,0.006248082027113931
2025-06-19,24793.25,24793.25,24863.099609375,24733.400390625,24803.25,274600,24850.5673828125,24412.966875,-0.0007577278241026608,0.005946556517302405
2025-06-20,25112.400390625,25112.400390625,25136.19921875,24783.650390625,24787.650390625,574700,24863.5298828125,24471.982890625,0.01287247095983779,0.006227906229200625
2025-06-23,24971.900390625,24971.900390625,25057.0,24824.849609375,24939.75,248500,24862.0673828125,24520.70390625,-0.0055948454872697395,0.006234596493177216
2025-06-24,25044.349609375,25044.349609375,25317.69921875,24999.69921875,25179.900390625,450200,24872.97490234375,24573.607890625,0.0029012296868362597,0.006043165178291529
2025-06-25,25244.75,25244.75,25266.80078125,25125.05078125,25150.349609375,260600,24897.58994140625,24621.931875,0.008001820520425307,0.006211534375192757
2025-06-26,25549.0,25549.0,25565.30078125,25259.900390625,25268.94921875,428900,24933.3599609375,24666.340859375,0.012052010814129765,0.006673300395881306
2025-06-27,25637.80078125,25637.80078125,25654.19921875,25523.55078125,25576.650390625,564000,24977.7150390625,24710.352890625,0.003475704773181043,0.006589815157245431
2025-06-30,25517.05078125,25517.05078125,25669.349609375,25473.30078125,25661.650390625,271000,25017.73759765625,24743.6608984375,-0.004709842354665206,0.00671486280648595
2025-07-01,25541.80078125,25541.80078125,25593.400390625,25501.80078125,25551.349609375,260700,25067.70263671875,24771.9858984375,0.0009699396772837598,0.00640274640782319
2025-07-02,25453.400390625,25453.400390625,25608.099609375,25378.75,25588.30078125,309800,25109.3626953125,24797.70890625,-0.0034610085397696055,0.006510719594039891
2025-07-03,25405.30078125,25405.30078125,25587.5,25384.349609375,25505.099609375,293400,25142.08271484375,24819.2359375,-0.00188971251922454,0.00649884546670335
2025-07-04,25461.0,25461.0,25470.25,25331.650390625,25428.849609375,193500,25164.98017578125,24843.521953125,0.0021924250859925998,0.00616222562237934
2025-07-07,25461.30078125,25461.30078125,25489.80078125,25407.25,25450.44921875,196100,25182.88525390625,24871.9609765625,1.1813410706551508e-05,0.006121755887695653
2025-07-08,25522.5,25522.5,25548.05078125,25424.150390625,25427.849609375,210400,25203.79775390625,24895.8409765625,0.0024036171315751087,0.006130632296030506
2025-07-09,25476.099609375,25476.099609375,25548.69921875,25424.349609375,25514.599609375,239100,25220.53271484375,24918.643984375,-0.00181801902732881,0.006156933263232419
2025-07-10,25355.25,25355.25,25524.05078125,25340.44921875,25511.650390625,219600,25243.88525390625,24939.065,-0.004743646446198069,0.005770459838030434
2025-07-11,25149.849609375,25149.849609375,25322.44921875,25129.0,25255.5,250000,25265.44775390625,24955.1280078125,-0.008100901810276007,0.005867862332614607
2025-07-14,25082.30078125,25082.30078125,25151.099609375,25001.94921875,25149.5,259500,25272.23779296875,24967.551015625,-0.002685854157148504,0.005573977635791334
2025-07-15,25195.80078125,25195.80078125,25245.19921875,25088.44921875,25089.5,241300,25289.3578125,24983.8750390625,0.004525103218794291,0.005566484024295645
2025-07-16,25212.05078125,25212.05078125,25255.30078125,25121.05078125,25196.599609375,228800,25309.3578125,24999.828046875,0.0006449487413033861,0.005538776355320953
2025-07-17,25111.44921875,25111.44921875,25238.349609375,25101.0,25230.75,243400,25325.2677734375,25016.581015625,-0.003990217351728331,0.005633422968860527
2025-07-18,24968.400390625,24968.400390625,25144.599609375,24918.650390625,25108.55078125,317000,25318.0677734375,25035.7890234375,-0.0056965580472427835,0.0050090922818059975
2025-07-21,25090.69921875,25090.69921875,25111.400390625,24882.30078125,24999.0,305200,25324.00771484375,25039.1090234375,0.004898144302865282,0.004972012260252398
2025-07-22,25060.900390625,25060.900390625,25182.0,25035.55078125,25166.650390625,483700,25324.83525390625,25048.7600390625,-0.0011876443882732346,0.0049411872659042
2025-07-23,25219.900390625,25219.900390625,25233.5,25085.5,25139.349609375,271500,25323.5927734375,25059.8200390625,0.006344544590244583,0.004812953661363284
2025-07-24,25062.099609375,25062.099609375,25246.25,25018.69921875,25243.30078125,338700,25299.24775390625,25059.8200390625,-0.006256994627491075,0.00407729948179334
2025-07-25,24837.0,24837.0,25010.349609375,24806.349609375,25010.349609375,278100,25259.20771484375,25056.1640234375,-0.008981674037030651,0.004309916833530365
2025-07-28,24680.900390625,24680.900390625,24889.19921875,24646.599609375,24782.44921875,262100,25217.4001953125,25050.873046875,-0.006284962329387578,0.004383940609331756
2025-07-29,24821.099609375,24821.099609375,24847.150390625,24598.599609375,24609.650390625,284700,25181.36513671875,25053.61703125,0.005680474234370125,0.0046508195263129815
2025-07-30,24855.05078125,24855.05078125,24902.30078125,24771.94921875,24890.400390625,243900,25151.44765625,25054.4490625,0.001367835124523431,0.0046645971957486035
2025-07-31,24768.349609375,24768.349609375,24956.5,24635.0,24642.25,346300,25119.60009765625,25057.6220703125,-0.0034882717656889994,0.004691048366364123
2025-08-01,24565.349609375,24565.349609375,24784.150390625,24535.05078125,24734.900390625,263400,25074.817578125,25051.8660546875,-0.008195943742782208,0.004860909681004311
2025-08-04,24722.75,24722.75,24736.25,24554.0,24596.05078125,259300,25037.8900390625,25046.298046875,0.006407415043054421,0.005184435775997575
2025-08-05,24649.55078125,24649.55078125,24733.099609375,24590.30078125,24720.25,251800,24994.242578125,25042.765078125,-0.0029608040671041946,0.005112406697638498
2025-08-06,24574.19921875,24574.19921875,24671.400390625,24539.19921875,24641.349609375,225100,24949.14755859375,25039.200078125,-0.003056914228121266,0.005121076622811988
2025-08-07,24596.150390625,24596.150390625,24634.19921875,24344.150390625,24464.19921875,616700,24911.192578125,25034.45109375,0.0008932609229541644,0.005104944718573003
2025-08-08,24363.30078125,24363.30078125,24585.5,24337.5,24544.25,312600,24871.86513671875,25026.703125,-0.009466912735407229,0.005205958976556834
2025-08-11,24585.05078125,24585.05078125,24600.849609375,24347.44921875,24371.5,241100,24847.00263671875,25024.0721484375,0.009101804471857822,0.005715815092906105
2025-08-12,24487.400390625,24487.400390625,24702.599609375,24465.650390625,24563.349609375,237000,24811.5826171875,25022.97015625,-0.003971941790719136,0.005599285836789532
2025-08-13,24619.349609375,24619.349609375,24664.55078125,24535.25,24586.19921875,236000,24781.94755859375,25022.9531640625,0.005388453516712133,0.005788188267823721
2025-08-14,24631.30078125,24631.30078125,24673.650390625,24596.900390625,24607.25,270200,24757.94013671875,25020.561171875,0.00048543816407109475,0.005759980307034106
2025-08-18,24876.94921875,24876.94921875,25022.0,24852.849609375,24938.19921875,363100,24753.367578125,25018.039140625,0.009973019276634965,0.006133799652983312
2025-08-19,24980.650390625,24980.650390625,25012.650390625,24873.94921875,24891.349609375,252300,24747.86513671875,25015.5881640625,0.004168564680625764,0.0061041976585923564
2025-08-20,25050.55078125,25050.55078125,25088.69921875,24929.69921875,24965.80078125,287100,24747.34765625,25014.5141796875,0.0027981813736617234,0.006135312392039723
2025-08-21,25083.75,25083.75,25153.650390625,25054.900390625,25142.0,226500,24740.54013671875,25013.361171875,0.0013252889742787488,0.005962226635370185
2025-08-22,24870.099609375,24870.099609375,25084.849609375,24859.150390625,25064.150390625,210200,24730.94013671875,25012.9991796875,-0.008517482060098724,0.0061018102811937446
2025-08-25,24967.75,24967.75,25021.55078125,24894.349609375,24949.150390625,213000,24737.47763671875,25017.9821875,0.003926417350905487,0.0058187235655585345
2025-08-26,24712.05078125,24712.05078125,24919.650390625,24689.599609375,24899.5,750500,24739.03515625,25013.293203125,-0.010241179872034878,0.006113387096723625
2025-08-28,24500.900390625,24500.900390625,24702.650390625,24481.599609375,24695.80078125,326600,24723.0251953125,25006.243203125,-0.008544430103923584,0.006253497470108825
2025-08-29,24426.849609375,24426.849609375,24572.44921875,24404.69921875,24466.69921875,325500,24701.61513671875,24998.5391796875,-0.0030223697933294824,0.006256715020195295
2025-09-01,24625.05078125,24625.05078125,24635.599609375,24432.69921875,24432.69921875,229300,24694.4501953125,24995.1751953125,0.008114070174605414,0.006531078271288359
2025-09-02,24579.599609375,24579.599609375,24756.099609375,24522.349609375,24653.0,271600,24695.1626953125,24984.5191796875,-0.0018457290617897026,0.006274796124611882
2025-09-03,24715.05078125,24715.05078125,24737.05078125,24533.19921875,24616.5,340300,24694.777734375,24979.3821875,0.0055107151470170646,0.006230006465772113
2025-09-04,24734.30078125,24734.30078125,24980.75,24708.19921875,24980.75,314100,24699.015234375,24973.1812109375,0.0007788776228048189,0.006192381460010536
2025-09-05,24741.0,24741.0,24832.349609375,24621.599609375,24818.849609375,210100,24707.3552734375,24963.1062109375,0.00027084730671167456,0.006145077249361317
2025-09-08,24773.150390625,24773.150390625,24885.5,24751.55078125,24802.599609375,213200,24716.2052734375,24947.58921875,0.0012994782193525012,0.006147616423216875
2025-09-09,24868.599609375,24868.599609375,24891.80078125,24814.0,24864.099609375,226900,24741.47021484375,24932.2051953125,0.003852930178235292,0.0057325982358733376
2025-09-10,24973.099609375,24973.099609375,25035.69921875,24915.05078125,24991.0,244100,24760.87265625,24921.326171875,0.0042020862308871365,0.005468674765407271
2025-09-11,25005.5,25005.5,25037.30078125,24940.150390625,24945.5,224600,24786.77763671875,24910.60015625,0.0012974116602184615,0.00535249598167359
2025-09-12,25114.0,25114.0,25139.44921875,25038.05078125,25074.44921875,225700,24811.51015625,24903.8121484375,0.004339045410009845,0.005312838363978579
2025-09-15,25069.19921875,25069.19921875,25138.44921875,25048.75,25118.900390625,185400,24833.405078125,24897.0901171875,-0.0017838966811339896,0.005348710802087879
2025-09-16,25239.099609375,25239.099609375,25261.400390625,25070.44921875,25073.599609375,240100,24851.51259765625,24892.652109375,0.006777256391098607,0.005105445435663841
2025-09-17,25330.25,25330.25,25346.5,25275.349609375,25276.599609375,268900,24868.992578125,24890.03109375,0.003611475529465391,0.005087215427754636
2025-09-18,25423.599609375,25423.599609375,25448.94921875,25329.75,25441.05078125,272200,24887.64501953125,24888.0530859375,0.0036853015416349333,0.005110219631233482
2025-09-19,25327.05078125,25327.05078125,25428.75,25286.30078125,25410.19921875,380400,24899.81005859375,24885.072109375,-0.0037976065391384095,0.0052074269569508886
2025-09-22,25202.349609375,25202.349609375,25331.69921875,25151.05078125,25238.099609375,254500,24916.42255859375,24882.0141015625,-0.004923635718664832,0.004934917787077488
2025-09-23,25169.5,25169.5,25261.900390625,25084.650390625,25209.0,299200,24926.51005859375,24882.407109375,-0.0013034343973540308,0.00489195619592995
2025-09-24,25056.900390625,25056.900390625,25149.849609375,25027.44921875,25108.75,244400,24943.7525390625,24881.8991015625,-0.00447365300760838,0.004373293085454776
2025-09-25,24890.849609375,24890.849609375,25092.69921875,24878.30078125,25034.5,342500,24963.25,24875.800078125,-0.006626948212322681,0.004176503336644443
2025-09-26,24654.69921875,24654.69921875,24868.599609375,24629.44921875,24818.55078125,291500,24974.64248046875,24864.653046875,-0.009487437927231501,0.004704572308633049
2025-09-29,24634.900390625,24634.900390625,24791.30078125,24606.19921875,24728.55078125,394400,24975.1349609375,24855.1220703125,-0.0008030448049409777,0.004351809859546328
2025-09-30,24611.099609375,24611.099609375,24731.80078125,24587.69921875,24691.94921875,303000,24976.7099609375,24847.9760546875,-0.0009661407544825362,0.004336283522031319
2025-10-01,24836.30078125,24836.30078125,24867.94921875,24605.94921875,24620.55078125,308900,24982.7724609375,24842.8880859375,0.009150390492475902,0.004642094507282019
2025-10-03,24894.25,24894.25,24904.80078125,24747.55078125,24759.55078125,365900,24990.769921875,24839.555078125,0.0023332467769816567,0.004664286226300273
2025-10-06,25077.650390625,25077.650390625,25095.94921875,24881.650390625,24916.55078125,268800,25007.60244140625,24836.710078125,0.007367178791287232,0.004922120622762056
2025-10-07,25108.30078125,25108.30078125,25220.900390625,25076.30078125,25085.30078125,288000,25024.3599609375,24837.6341015625,0.0012222193924698033,0.0049216453503688265
2025-10-08,25046.150390625,25046.150390625,25192.5,25008.5,25079.75,227400,25033.2375,24841.817109375,-0.0024752925801897474,0.0049105759420720665
2025-10-09,25181.80078125,25181.80078125,25199.25,25024.30078125,25074.30078125,286300,25043.67255859375,24851.8351171875,0.005416017571936882,0.004967641753664297
2025-10-10,25285.349609375,25285.349609375,25330.75,25156.849609375,25167.650390625,232900,25057.6650390625,24861.1201171875,0.0041120501676790155,0.005033009470182075
2025-10-13,25227.349609375,25227.349609375,25267.30078125,25152.30078125,25177.30078125,234300,25063.33251953125,24868.56609375,-0.0022938183927065925,0.0049898352599336915
2025-10-14,25145.5,25145.5,25310.349609375,25060.55078125,25277.55078125,292100,25067.14755859375,24876.1091015625,-0.003244479132464395,0.005031483532674786
2025-10-15,25323.55078125,25323.55078125,25365.150390625,25159.349609375,25181.94921875,289900,25071.3701171875,24891.273125,0.007080820872521931,0.005052895773927103
2025-10-16,25585.30078125,25585.30078125,25625.400390625,25376.849609375,25394.900390625,372800,25084.12265625,24908.524140625,0.010336228211479837,0.005497499343797242
2025-10-17,25709.849609375,25709.849609375,25781.5,25508.599609375,25546.849609375,422100,25098.43515625,24929.7301171875,0.004867983737610659,0.005539590801290136
2025-10-20,25843.150390625,25843.150390625,25926.19921875,25788.5,25824.599609375,301100,25124.24013671875,24955.109140625,0.005184813729964155,0.005530580835176924
2025-10-21,25868.599609375,25868.599609375,25934.349609375,25825.80078125,25901.19921875,42500,25157.55263671875,24980.558125,0.0009847568259027106,0.00535106961739782
2025-10-23,25891.400390625,25891.400390625,26104.19921875,25862.44921875,26057.19921875,448400,25193.64765625,25011.1201171875,0.0008814076368377499,0.005316906029065349
2025-10-24,25795.150390625,25795.150390625,25944.150390625,25718.19921875,25935.099609375,284900,25230.56015625,25035.322109375,-0.0037174505259611745,0.005275251997661134
2025-10-27,25966.05078125,25966.05078125,26005.94921875,25827.0,25843.19921875,266300,25284.32021484375,25064.8951171875,0.006625291500029773,0.005031874500233046
2025-10-28,25936.19921875,25936.19921875,26041.69921875,25810.05078125,25939.94921875,395200,25348.39521484375,25091.232109375,-0.001149638146805021,0.0043128433398946266
2025-10-29,26053.900390625,26053.900390625,26097.849609375,25960.30078125,25982.0,321900,25419.34521484375,25119.6841015625,0.0045381040946781415,0.004259612680815206
2025-10-30,25877.849609375,25877.849609375,26032.05078125,25845.25,25984.400390625,257400,25482.68271484375,25139.702109375,-0.0067571756478100875,0.004703680543577358
2025-10-31,25722.099609375,25722.099609375,25953.75,25711.19921875,25863.80078125,334400,25526.97265625,25154.53109375,-0.006018660837397216,0.004800790996376181
2025-11-03,25763.349609375,25763.349609375,25803.099609375,25645.5,25696.849609375,23300,25570.42763671875,25168.7870703125,0.0016036793506921665,0.0047990148633791545
2025-11-04,25597.650390625,25597.650390625,25787.400390625,25578.400390625,25744.75,305100,25596.42763671875,25179.065078125,-0.006431586779760301,0.004935607049363555
2025-11-06,25509.69921875,25509.69921875,25679.150390625,25491.55078125,25593.349609375,371900,25616.49755859375,25191.8570703125,-0.0034359080045569534,0.005035367471024529
2025-11-07,25492.30078125,25492.30078125,25551.25,25318.44921875,25433.80078125,305600,25638.805078125,25202.3480859375,-0.0006820322478444663,0.004989633786359221
2025-11-10,25574.349609375,25574.349609375,25653.44921875,25503.5,25503.5,243600,25658.43251953125,25219.5940625,0.0032185728871263475,0.004908373633580376
2025-11-11,25694.94921875,25694.94921875,25715.80078125,25449.25,25617.0,297700,25678.9125,25243.4750390625,0.0047156471705849246,0.004931706398833328
2025-11-12,25875.80078125,25875.80078125,25934.55078125,25781.150390625,25834.30078125,312600,25711.33505859375,25272.4540625,0.0070384090258497345,0.0050618191979706975
2025-11-13,25879.150390625,25879.150390625,26010.69921875,25808.400390625,25906.099609375,385200,25748.017578125,25297.5360546875,0.00012944949620363744,0.0049581875839628834
2025-11-14,25910.05078125,25910.05078125,25940.19921875,25740.80078125,25767.900390625,518900,25777.342578125,25324.145078125,0.001194026471448284,0.004777816078222301
2025-11-17,26013.44921875,26013.44921875,26024.19921875,25906.349609375,25948.19921875,281800,25798.75,25350.113046875,0.0039906690408659795,0.004325397522559846
2025-11-18,25910.05078125,25910.05078125,26029.849609375,25876.5,26021.80078125,280000,25808.76005859375,25373.628046875,-0.003974806902018679,0.0043437965913407
2025-11-19,26052.650390625,26052.650390625,26074.650390625,25856.19921875,25918.099609375,250100,25819.23505859375,25399.8610546875,0.005503640675154298,0.00436283600055773
2025-11-20,26192.150390625,26192.150390625,26246.650390625,26063.19921875,26132.099609375,240400,25835.41259765625,25428.2410546875,0.005354541588221684,0.004500240772010449
2025-11-21,26068.150390625,26068.150390625,26179.19921875,26052.19921875,26109.55078125,235600,25844.25009765625,25452.2320703125,-0.0047342428227803435,0.00465629734060886
2025-11-24,25959.5,25959.5,26142.80078125,25912.150390625,26122.80078125,464700,25852.467578125,25471.960078125,-0.004167936312968079,0.004678050177312468
2025-11-25,25884.80078125,25884.80078125,26032.599609375,25857.5,25998.5,260500,25848.405078125,25489.54609375,-0.002877529180069005,0.004483321807971935
2025-11-26,26205.30078125,26205.30078125,26215.150390625,25842.94921875,25842.94921875,275300,25861.86015625,25511.372109375,0.012381783530362567,0.005275151466498589
2025-11-27,26215.55078125,26215.55078125,26310.44921875,26141.900390625,26261.25,240300,25869.94267578125,25534.299140625,0.0003911422381892571,0.005190107220599643
2025-11-28,26202.94921875,26202.94921875,26280.75,26172.400390625,26237.44921875,202500,25886.19765625,25553.5761328125,-0.0004806903583736144,0.0049223756602701264
2025-12-01,26175.75,26175.75,26325.80078125,26124.19921875,26325.80078125,213800,25908.88017578125,25570.4861328125,-0.0010380212747401751,0.004688419501164958
2025-12-02,26032.19921875,26032.19921875,26154.599609375,25997.849609375,26087.94921875,254800,25922.32265625,25582.658125,-0.005484113396941881,0.004894576434322759
2025-12-03,25986.0,25986.0,26066.44921875,25891.0,26004.900390625,265700,25941.74013671875,25595.837109375,-0.0017746951904364927,0.0046506318695118225
2025-12-04,26033.75,26033.75,26098.25,25938.94921875,25981.849609375,248100,25967.94267578125,25612.4651171875,0.0018375278996383138,0.004548384993809606
2025-12-05,26186.44921875,26186.44921875,26202.599609375,25985.349609375,25999.80078125,249300,26002.65009765625,25632.8041015625,0.005865433091659877,0.004653315821372205
2025-12-08,25960.55078125,25960.55078125,26178.69921875,25892.25,26159.80078125,320700,26021.96015625,25650.877109375,-0.00862653945989178,0.0051326778117271685
2025-12-09,25839.650390625,25839.650390625,25923.650390625,25728.0,25867.099609375,276000,26029.19521484375,25669.853125,-0.004657081109092687,0.005180375035907962
2025-12-10,25758.0,25758.0,25947.650390625,25734.55078125,25864.05078125,207900,26023.30517578125,25691.919140625,-0.0031598875909956137,0.004979548892903252
2025-12-11,25898.55078125,25898.55078125,25922.80078125,25693.25,25771.400390625,206100,26024.2751953125,25717.1921484375,0.0054565875164998,0.005138943853833944
2025-12-12,26046.94921875,26046.94921875,26057.599609375,25938.44921875,25971.19921875,216300,26031.1201171875,25745.909140625,0.005729990019651465,0.005289965492870336
2025-12-15,26027.30078125,26027.30078125,26047.150390625,25904.75,25930.05078125,181600,26031.8126953125,25769.729140625,-0.0007543469807149705,0.005220584446031899
2025-12-16,25860.099609375,25860.099609375,25980.75,25834.349609375,25951.5,264400,26029.31513671875,25789.0461328125,-0.006424068837574293,0.005346906830255685
2025-12-17,25818.55078125,25818.55078125,25929.150390625,25770.349609375,25902.400390625,206500,26017.61015625,25803.864140625,-0.001606677033445636,0.005189985850623049
2025-12-18,25815.55078125,25815.55078125,25902.349609375,25726.30078125,25764.69921875,197600,25998.78017578125,25818.009140625,-0.00011619552256891819,0.00500963205977838
2025-12-19,25966.400390625,25966.400390625,25993.349609375,25880.44921875,25911.5,382900,25993.69267578125,25836.414140625,0.005843362036054733,0.005119783287911626
2025-12-22,26172.400390625,26172.400390625,26180.69921875,26047.80078125,26055.849609375,253000,26004.3376953125,25856.2261328125,0.00793332910611566,0.005334627959193586
2025-12-23,26177.150390625,26177.150390625,26233.55078125,26119.05078125,26205.19921875,216600,26018.95517578125,25874.0621484375,0.00018148889399149937,0.005278606964484017
2025-12-24,26142.099609375,26142.099609375,26236.400390625,26123.0,26170.650390625,188800,26015.7951171875,25892.3571484375,-0.0013389838361685946,0.004497122281428389
2025-12-26,26042.30078125,26042.30078125,26144.19921875,26008.599609375,26121.25,142200,26007.1326171875,25910.2931640625,-0.0038175521330050532,0.004570257202870446
2025-12-29,25942.099609375,25942.099609375,26106.80078125,25920.30078125,26063.349609375,234300,25994.09013671875,25922.664140625,-0.003847631310177624,0.00463793755841898
2025-12-30,25938.849609375,25938.849609375,25976.75,25878.0,25940.900390625,396900,25982.2451171875,25929.7351171875,-0.00012527898855285713,0.004636750760029189
2025-12-31,26129.599609375,26129.599609375,26187.94921875,25969.0,25971.05078125,246300,25987.11513671875,25938.1301171875,0.0073538342244390265,0.004788469546939408
2026-01-01,26146.55078125,26146.55078125,26197.55078125,26113.400390625,26173.30078125,425600,25995.14267578125,25944.198125,0.0006487344669803274,0.004766545399530186
2026-01-02,26328.55078125,26328.55078125,26340.0,26118.400390625,26155.099609375,357500,26009.88271484375,25953.3971484375,0.006960765170238581,0.004985114220190675
2026-01-05,26250.30078125,26250.30078125,26373.19921875,26210.05078125,26333.69921875,338800,26013.07529296875,25960.57515625,-0.0029720587604740167,0.00488210026872266
2026-01-06,26178.69921875,26178.69921875,26273.94921875,26124.75,26189.69921875,383000,26023.98271484375,25968.2461328125,-0.0027276473171363724,0.004487268697546547
2026-01-07,26140.75,26140.75,26187.150390625,26067.900390625,26143.099609375,338200,26039.0376953125,25971.7401171875,-0.001449622016468255,0.004351217815143076
2026-01-08,25876.849609375,25876.849609375,26133.19921875,25858.44921875,26106.5,328500,26044.98017578125,25970.553125,-0.010095364158449915,0.004906585509364707
2026-01-09,25683.30078125,25683.30078125,25940.599609375,25623.0,25840.400390625,348800,26034.21767578125,25963.1411328125,-0.007479613285493514,0.0050339462429332986
2026-01-12,25790.25,25790.25,25813.150390625,25473.400390625,25669.05078125,275800,26021.38271484375,25961.389140625,0.004164153963733375,0.004944894231813929
2026-01-13,25732.30078125,25732.30078125,25899.80078125,25603.30078125,25897.349609375,339500,26006.63271484375,25961.5931640625,-0.002246942885392733,0.004960436497116117
2026-01-14,25665.599609375,25665.599609375,25791.75,25603.94921875,25648.55078125,393100,25996.90771484375,25959.6381640625,-0.00259211846006413,0.004793120678461239
2026-01-16,25694.349609375,25694.349609375,25873.5,25662.400390625,25696.05078125,434000,25990.69765625,25961.5721484375,0.0011201764399650926,0.004794769612287796
2026-01-19,25585.5,25585.5,25653.30078125,25494.349609375,25653.099609375,443100,25979.1951171875,25963.0881640625,-0.004236324757381116,0.004877413608493624
2026-01-20,25232.5,25232.5,25585.0,25171.349609375,25580.30078125,409800,25942.50009765625,25957.8921484375,-0.013796877137441155,0.005485787083080663
2026-01-21,25157.5,25157.5,25300.94921875,24919.80078125,25141.0,395600,25891.755078125,25949.55515625,-0.0029723570791637677,0.005030441312006313
2026-01-22,25289.900390625,25289.900390625,25435.75,25168.5,25344.150390625,486400,25847.392578125,25941.4541796875,0.00526285960946038,0.005267224069846467
2026-01-23,25048.650390625,25048.650390625,25347.94921875,25025.30078125,25344.599609375,393900,25792.7201171875,25924.911171875,-0.009539381186706164,0.005548534820787881
2026-01-27,25175.400390625,25175.400390625,25246.650390625,24932.55078125,25063.349609375,618700,25749.37509765625,25910.836171875,0.005060152863462841,0.005756736689269414
2026-01-28,25342.75,25342.75,25372.099609375,25187.650390625,25258.849609375,574900,25719.4076171875,25899.49015625,0.006647346488174222,0.006020601856315164
2026-01-29,25418.900390625,25418.900390625,25458.150390625,25159.80078125,25345.0,582400,25693.41015625,25887.5991796875,0.0030048195489833507,0.006088957889125543
2026-01-30,25320.650390625,25320.650390625,25370.69921875,25213.650390625,25247.55078125,508400,25652.9626953125,25875.811171875,-0.003865234077404689,0.005788786342873734
2026-02-02,25088.400390625,25088.400390625,25108.099609375,24679.400390625,24796.5,449200,25600.05517578125,25856.526171875,-0.00917235522852089,0.006004522035421269
2026-02-03,25727.55078125,25727.55078125,26341.19921875,25641.30078125,26308.05078125,637300,25570.00517578125,25847.2341796875,0.025475932330218942,0.008411258720286086
2026-02-04,25776.0,25776.0,25818.55078125,25563.94921875,25675.05078125,429800,25546.29013671875,25841.391171875,0.0018831648283172964,0.008425061254342048
2026-02-05,25642.80078125,25642.80078125,25757.650390625,25579.5,25755.900390625,343800,25519.49521484375,25835.0571875,-0.00516756745616076,0.008470798702072143
2026-02-06,25693.69921875,25693.69921875,25703.94921875,25491.900390625,25605.80078125,375500,25497.14267578125,25831.23515625,0.0019849016468285186,0.008495974890432306
2026-02-09,25867.30078125,25867.30078125,25922.25,25780.900390625,25888.69921875,359400,25496.665234375,25824.47515625,0.006756581098813275,0.008363119805620755
2026-02-10,25935.150390625,25935.150390625,25989.44921875,25870.44921875,25922.650390625,460900,25509.25771484375,25818.8671484375,0.0026229876069705504,0.008189954374337815
2026-02-11,25953.849609375,25953.849609375,26009.400390625,25899.80078125,25997.44921875,331400,25517.4376953125,25813.88515625,0.0007209990483325601,0.008145380941838217
2026-02-12,25807.19921875,25807.19921875,25906.69921875,25752.400390625,25906.69921875,419400,25521.1826171875,25806.514140625,-0.00565042923620962,0.008237470479473336
2026-02-13,25471.099609375,25471.099609375,25630.349609375,25444.30078125,25571.150390625,453500,25511.4576171875,25795.2921484375,-0.01302348257655217,0.00873713828928156
2026-02-16,25682.75,25682.75,25697.0,25372.69921875,25423.599609375,275800,25510.87763671875,25789.2271484375,0.008309432803093486,0.008945951389267771
2026-02-17,25725.400390625,25725.400390625,25764.400390625,25570.30078125,25637.94921875,344100,25517.87265625,25783.06015625,0.00166066292063749,0.008895485406600522
2026-02-18,25819.349609375,25819.349609375,25828.05078125,25645.150390625,25752.650390625,310200,25547.21513671875,25775.7181640625,0.003652002197183979,0.008272979527462691
2026-02-19,25454.349609375,25454.349609375,25885.30078125,25388.75,25873.349609375,298200,25562.0576171875,25765.594140625,-0.014136684522350174,0.008919479682973724
2026-02-20,25571.25,25571.25,25663.55078125,25379.75,25406.55078125,296600,25576.12509765625,25760.2261328125,0.004592550680687868,0.008902375787280304
2026-02-23,25713.0,25713.0,25771.44921875,25609.349609375,25678.400390625,313700,25609.342578125,25759.3261328125,0.00554333479982394,0.00863385505626448
2026-02-24,25424.650390625,25424.650390625,25641.80078125,25327.599609375,25641.80078125,439100,25621.805078125,25749.848125,-0.011214156627970318,0.009023395228143697
2026-02-25,25482.5,25482.5,25652.599609375,25428.19921875,25512.599609375,414200,25628.792578125,25738.559140625,0.002275335490801167,0.008919791585549779
2026-02-26,25496.55078125,25496.55078125,25572.94921875,25400.94921875,25556.30078125,405200,25632.67509765625,25727.944140625,0.0005513894339252978,0.008897661313383341
2026-02-27,25178.650390625,25178.650390625,25476.400390625,25141.30078125,25459.849609375,438900,25625.57509765625,25714.31515625,-0.012468368500212268,0.009302764975263184
2026-03-02,24865.69921875,24865.69921875,24989.349609375,24603.5,24659.25,519200,25614.4400390625,25695.258125,-0.012429227421638323,0.009493892757972952
2026-03-04,24480.5,24480.5,24602.44921875,24305.400390625,24388.80078125,599000,25552.0875,25668.557109375,-0.015491187895474101,0.007902572515451447
2026-03-05,24765.900390625,24765.900390625,24854.19921875,24529.400390625,24615.94921875,504300,25501.58251953125,25644.547109375,0.011658274570576665,0.008466898355954223
2026-03-06,24450.44921875,24450.44921875,24700.900390625,24415.75,24656.400390625,433400,25441.96494140625,25610.1080859375,-0.012737318930444053,0.008781068718362565
2026-03-09,24028.05078125,24028.05078125,24078.150390625,23697.80078125,23868.05078125,526900,25358.68251953125,25567.12609375,-0.017275692308183932,0.009321211365499652
2026-03-10,24261.599609375,24261.599609375,24303.80078125,24079.94921875,24280.80078125,444300,25278.3974609375,25529.51609375,0.009719840791548862,0.009511161379086749
2026-03-11,23866.849609375,23866.849609375,24299.0,23834.30078125,24231.849609375,407400,25174.982421875,25486.0070703125,-0.01627056774308744,0.00983957901341675
2026-03-12,23639.150390625,23639.150390625,23833.150390625,23556.30078125,23674.849609375,501000,25059.2474609375,25439.9480859375,-0.009540396930332928,0.009842460170977545
2026-03-13,23151.099609375,23151.099609375,23492.400390625,23112.0,23462.5,519800,24926.44248046875,25384.1930859375,-0.02064586811222946,0.010476333821502683
2026-03-16,23408.80078125,23408.80078125,23502.0,22955.25,23116.099609375,540300,24823.3275390625,25329.777109375,0.011131271353117311,0.010929312800161049
2026-03-17,23581.150390625,23581.150390625,23656.80078125,23346.599609375,23493.19921875,458800,24718.24755859375,25278.4691015625,0.007362598835607637,0.010874389044763847
2026-03-18,23777.80078125,23777.80078125,23862.25,23618.44921875,23632.900390625,382900,24620.867578125,25227.4541015625,0.008339304375208911,0.011162655133688509
2026-03-19,23002.150390625,23002.150390625,23378.69921875,22930.349609375,23197.75,550100,24480.0076171875,25162.49109375,-0.03262077926216955,0.01271508260923816
2026-03-20,23114.5,23114.5,23345.150390625,23067.599609375,23110.150390625,663300,24363.01513671875,25101.207109375,0.004884308965338757,0.012760753091792532
2026-03-23,22512.650390625,22512.650390625,22851.69921875,22471.25,22824.349609375,550300,24210.08515625,25028.6451171875,-0.026037751600726855,0.013404615926126804
2026-03-24,22912.400390625,22912.400390625,23057.30078125,22624.19921875,22878.44921875,538100,24070.05517578125,24969.3561328125,0.017756683156527453,0.014223951421509428
2026-03-25,23306.44921875,23306.44921875,23465.349609375,23063.19921875,23064.400390625,505400,23964.1451171875,24921.8191015625,0.01719805962740728,0.015034968003677828
2026-03-27,22819.599609375,22819.599609375,23186.099609375,22804.55078125,23173.55078125,612600,23831.00009765625,24862.40609375,-0.02088905112938999,0.015395209914586056
2026-03-30,22331.400390625,22331.400390625,22714.099609375,22283.849609375,22549.650390625,698600,23672.742578125,24794.3880859375,-0.02139385559374285,0.015727901867284778
2026-04-01,22679.400390625,22679.400390625,22941.30078125,22618.599609375,22899.0,518000,23547.780078125,24734.6641015625,0.015583438293735208,0.016402792776963212
2026-04-02,22713.099609375,22713.099609375,22782.30078125,22182.55078125,22383.400390625,495100,23440.15009765625,24675.0391015625,0.0014858954897207788,0.01636995831112599
2026-04-06,22968.25,22968.25,22998.349609375,22542.94921875,22780.30078125,426400,23364.53759765625,24622.6941015625,0.01123362266767347,0.016506202378209864
2026-04-07,23123.650390625,23123.650390625,23153.849609375,22719.30078125,22838.69921875,477000,23282.42509765625,24580.517109375,0.0067658785769486585,0.016311817815874922
2026-04-08,23997.349609375,23997.349609375,24025.150390625,23828.5,23855.150390625,639300,23259.7701171875,24557.3141015625,0.03778379295615997,0.018533579536198486
2026-04-09,23775.099609375,23775.099609375,23990.75,23682.80078125,23909.05078125,466600,23247.12255859375,24527.0180859375,-0.009261439434677166,0.01824231135300432
2026-04-10,24050.599609375,24050.599609375,24074.05078125,23856.349609375,23880.55078125,481300,23236.57255859375,24507.0570703125,0.011587753764504383,0.018301377405838207
2026-04-13,23842.650390625,23842.650390625,23907.400390625,23555.599609375,23589.599609375,488800,23235.36259765625,24480.4020703125,-0.008646321593950623,0.018028074855530242
2026-04-15,24231.30078125,24231.30078125,24280.900390625,24145.80078125,24163.80078125,460300,23264.9701171875,24458.1730859375,0.016300637062472756,0.018225422187271766
2026-04-16,24196.75,24196.75,24400.94921875,24102.80078125,24385.19921875,508000,23317.25263671875,24433.730078125,-0.0014258739785333319,0.017494068738393903
2026-04-17,24353.55078125,24353.55078125,24371.900390625,24096.05078125,24165.900390625,498600,23364.49013671875,24414.3880859375,0.006480241406387144,0.017401961788117776
2026-04-20,24364.849609375,24364.849609375,24480.650390625,24241.25,24391.5,415900,23403.67509765625,24399.9170703125,0.00046394992773279853,0.017360989869137627
2026-04-21,24576.599609375,24576.599609375,24601.69921875,24354.900390625,24374.55078125,425800,23443.6150390625,24376.898046875,0.008690798564113589,0.01736815644161698
2026-04-22,24378.099609375,24378.099609375,24515.94921875,24352.900390625,24470.849609375,440500,23512.4125,24348.9400390625,-0.00807678861823835,0.01558371642336578
2026-04-23,24173.05078125,24173.05078125,24310.19921875,24134.80078125,24202.349609375,467500,23565.3400390625,24319.5450390625,-0.008411190019346093,0.015782504854243255
2026-04-24,23897.94921875,23897.94921875,24206.0,23813.650390625,24100.55078125,438400,23634.60498046875,24283.6300390625,-0.011380506539678703,0.01469748653449982
2026-04-27,24092.69921875,24092.69921875,24130.69921875,23936.19921875,23945.44921875,430300,23693.619921875,24248.1380078125,0.008149234824183171,0.014345766176972839
2026-04-28,23995.69921875,23995.69921875,24181.80078125,23957.05078125,24049.900390625,554100,23728.082421875,24209.348984375,-0.004026115924964935,0.013990605202210757
2026-04-29,24177.650390625,24177.650390625,24334.69921875,24059.94921875,24096.900390625,531100,23795.9849609375,24173.825,0.007582657634449097,0.01300063466062801
2026-04-30,23997.55078125,23997.55078125,24087.44921875,23796.849609375,23996.94921875,505500,23879.29248046875,24137.63203125,-0.007449012061355398,0.011957004751525072
2026-05-04,24119.30078125,24119.30078125,24290.19921875,24004.75,24063.55078125,419100,23951.2875,24110.5960546875,0.005073434414612388,0.011632482002756184
2026-05-05,24032.80078125,24032.80078125,24081.69921875,23882.05078125,24052.599609375,363300,24017.27255859375,24077.5970703125,-0.0035863394542201554,0.011725501923423523
2026-05-06,24330.94921875,24330.94921875,24356.5,23997.900390625,24171.0,429200,24085.40751953125,24049.708046875,0.01240589643353629,0.01177222952260619
2026-05-07,24326.650390625,24326.650390625,24482.099609375,24284.0,24398.5,440600,24145.55751953125,24019.8540625,-0.00017668148029703623,0.011756167438972467
2026-05-08,24176.150390625,24176.150390625,24253.80078125,24126.650390625,24233.650390625,335900,24154.49755859375,23994.290078125,-0.006186630612244115,0.00848813785019746
2026-05-11,23815.849609375,23815.849609375,23997.44921875,23799.099609375,23970.099609375,390100,24156.53505859375,23959.1820703125,-0.014903149402549887,0.008909585281518442
2026-05-12,23379.55078125,23379.55078125,23757.55078125,23348.400390625,23722.599609375,447500,24122.9826171875,23912.5130859375,-0.018319683541890175,0.00938145054566021
2026-05-13,23412.599609375,23412.599609375,23582.94921875,23262.55078125,23362.44921875,415400,24101.480078125,23872.2720703125,0.0014135784059419176,0.009239519630594977
2026-05-14,23689.599609375,23689.599609375,23777.19921875,23426.55078125,23530.25,428700,24074.39501953125,23836.4140625,0.011831236369372666,0.008848151270839079
2026-05-15,23643.5,23643.5,23839.30078125,23610.30078125,23731.400390625,408900,24046.73251953125,23799.353046875,-0.0019459851637491088,0.008849946658102263
2026-05-18,23649.94921875,23649.94921875,23695.650390625,23317.099609375,23482.19921875,392000,24011.55244140625,23768.7790234375,0.0002727692071817778,0.00867657775695271
2026-05-19,23618.0,23618.0,23782.30078125,23587.19921875,23675.30078125,442000,23974.2099609375,23743.8250390625,-0.0013509212410769411,0.008665222219630364
2026-05-20,23659.0,23659.0,23690.900390625,23397.30078125,23457.25,344100,23928.32998046875,23727.3950390625,0.0017359640951817301,0.008368369162576076
2026-05-21,23654.69921875,23654.69921875,23859.900390625,23596.599609375,23830.05078125,348200,23892.1599609375,23705.171015625,-0.00018178203854768427,0.008245352357649447
2026-05-22,23719.30078125,23719.30078125,23835.650390625,23671.0,23671.19921875,336100,23869.4724609375,23690.548046875,0.002731024474358801,0.008127442857865938
2026-05-25,24031.69921875,24031.69921875,24054.44921875,23922.849609375,23940.25,351200,23876.1599609375,23690.621015625,0.01317064277657587,0.00831554920855259
2026-05-26,23913.69921875,23913.69921875,24089.80078125,23885.44921875,24004.099609375,387900,23867.2099609375,23683.6630078125,-0.004910181295375682,0.008179372335742932
2026-05-27,23907.150390625,23907.150390625,23983.19921875,23858.25,23880.349609375,531600,23862.78251953125,23684.4690234375,-0.00027385257567613674,0.008133299611862843
2026-05-29,23547.75,23547.75,24002.80078125,23484.75,23902.150390625,1198000,23831.2875,23682.641015625,-0.015033175629577955,0.008562003749232118
2026-06-01,23382.599609375,23382.599609375,23733.69921875,23357.94921875,23654.5,421700,23800.53994140625,23687.271015625,-0.007013425513053284,0.008546035818822439
2026-06-02,23483.55078125,23483.55078125,23556.94921875,23229.150390625,23229.150390625,511900,23768.75244140625,23688.766015625,0.00431736306319519,0.00851816099453724
2026-06-03,23405.599609375,23405.599609375,23459.650390625,23151.5,23415.94921875,450100,23737.3923828125,23685.255,-0.0033193946094914883,0.00851459861011375
2026-06-04,23416.55078125,23416.55078125,23465.30078125,23247.30078125,23282.44921875,412500,23691.6724609375,23678.03,0.00046788683297016576,0.007900473414890566
2026-06-05,23366.69921875,23366.69921875,23516.349609375,23282.650390625,23478.94921875,366200,23643.67490234375,23685.3209765625,-0.0021289028843615165,0.007890326187444192
2026-06-08,23123.0,23123.0,23267.30078125,23070.150390625,23080.69921875,375700,23591.0173828125,23685.4909765625,-0.010429338627102713,0.008064450773608834
2026-06-09,23242.099609375,23242.099609375,23279.400390625,23104.44921875,23259.05078125,402600,23562.3298828125,23700.0799609375,0.005150698844224255,0.007636356383652111
2026-06-10,23214.94921875,23214.94921875,23425.349609375,23184.599609375,23233.94921875,380000,23554.0998046875,23706.1309375,-0.0011681556778996294,0.00648827712111648
2026-06-11,23161.599609375,23161.599609375,23327.44921875,23072.05078125,23104.400390625,363000,23541.5498046875,23703.2339453125,-0.0022980713363744965,0.00648876659070337
2026-06-12,23622.900390625,23622.900390625,23645.349609375,23313.900390625,23412.55078125,351900,23538.21484375,23719.2999609375,0.019916620139797336,0.007475545216058458
2026-06-15,23853.900390625,23853.900390625,24011.400390625,23817.80078125,23984.849609375,398900,23548.73486328125,23749.7499609375,0.009778646829145199,0.007777967094669981
2026-06-16,23989.150390625,23989.150390625,24002.599609375,23888.19921875,23923.900390625,327300,23565.694921875,23775.9449609375,0.005669932287180934,0.00786385476482327
2026-06-17,24085.69921875,24085.69921875,24108.19921875,23969.69921875,24044.5,352700,23589.0798828125,23803.396953125,0.004024687267071059,0.007880420136063084
2026-06-18,24168.0,24168.0,24189.25,24036.94921875,24073.80078125,340000,23614.5298828125,23827.391953125,0.0034169978003351087,0.007897513005144597
2026-06-19,24013.099609375,24013.099609375,24047.19921875,23901.900390625,23991.19921875,447900,23632.44990234375,23845.1809375,-0.006409317718677587,0.008071332270257078
2026-06-22,24102.900390625,24102.900390625,24168.05078125,24073.150390625,24106.599609375,252800,23651.6298828125,23847.291953125,0.0037396580495980825,0.008087279742613415
2026-06-23,23824.099609375,23824.099609375,24135.5,23784.94921875,24071.30078125,340100,23641.24990234375,23848.271953125,-0.011567105067506356,0.007992260064200472
2026-06-24,24021.650390625,24021.650390625,24090.05078125,23789.25,23795.80078125,395600,23646.6474609375,23847.69296875,0.008292056551520766,0.008144205877056882
2026-06-25,24056.0,24056.0,24261.599609375,24039.0,24125.849609375,448800,23654.08994140625,23851.9599609375,0.0014299437722400388,0.00814727464768767
2026-06-29,23946.25,23946.25,24120.0,23924.55078125,24061.75,588500,23674.01494140625,23846.2589453125,-0.004562271366810755,0.0074103766796262864
2026-06-30,23865.75,23865.75,24035.55078125,23829.19921875,24032.05078125,449000,23698.1724609375,23839.6389453125,-0.0033616954637991636,0.007249266643062656
2026-07-01,24005.849609375,24005.849609375,24049.900390625,23895.099609375,23897.650390625,352100,23724.28740234375,23832.684921875,0.0058703208311072785,0.0072943052509369674
2026-07-02,24175.69921875,24175.69921875,24194.55078125,24058.80078125,24062.19921875,372900,23762.7923828125,23828.9019140625,0.007075342557701703,0.007331146892709621
2026-07-03,24270.849609375,24270.849609375,24378.150390625,24252.349609375,24375.650390625,326600,23805.50732421875,23822.7869140625,0.003935786500487426,0.007342832596144044
2026-07-06,24430.349609375,24430.349609375,24458.650390625,24287.099609375,24306.849609375,329400,23858.68984375,23823.8319140625,0.006571669412775316,0.007354365609661328
2026-07-07,24398.69921875,24398.69921875,24530.900390625,24348.94921875,24464.44921875,412600,23922.4748046875,23828.3448828125,-0.0012955357222089736,0.006787028135374086
2026-07-08,23882.05078125,23882.05078125,24300.0,23805.19921875,24259.55078125,420500,23954.47236328125,23828.0269140625,-0.02117524515827318,0.00859967349793822
2026-07-09,23962.80078125,23962.80078125,24134.69921875,23925.69921875,23928.94921875,384800,23991.86494140625,23825.4289453125,0.0033812004144717633,0.008588489398489071
2026-07-10,24206.900390625,24206.900390625,24228.44921875,24120.349609375,24124.69921875,313100,24044.12998046875,23829.65296875,0.01018660596494203,0.00874095314265001
2026-07-13,24211.0,24211.0,24259.80078125,24000.19921875,24039.400390625,322700,24073.5349609375,23830.3199609375,0.0001693570555851842,0.007692243268749458
2026-07-14,24052.05078125,24052.05078125,24157.099609375,24023.69921875,24068.0,355800,24083.44248046875,23831.4099609375,-0.006565165369047166,0.007607143605355597
2026-07-15,24078.5,24078.5,24220.349609375,24010.55078125,24085.849609375,306900,24087.9099609375,23830.5939453125,0.0010996658451518648,0.007509835953081382
2026-07-16,24072.75,24072.75,24186.5,24050.0,24142.099609375,264300,24087.2625,23831.3929296875,-0.00023880225097083763,0.007456258711101891
2026-07-17,24334.30078125,24334.30078125,24367.30078125,24099.05078125,24127.599609375,387800,24095.5775390625,23831.4599609375,0.010865014643113069,0.007813362282224172
2026-07-20,24238.5,24238.5,24266.099609375,24135.849609375,24190.05078125,353100,24106.84755859375,23829.696953125,-0.003936861885253551,0.007719414945721317
2026-07-21,24187.69921875,24187.69921875,24262.19921875,24135.650390625,24216.05078125,315600,24111.0875,23829.9279296875,-0.002095871495760848,0.007700609163544428
2026-07-22,23996.25,23996.25,24166.30078125,23961.400390625,24150.44921875,304700,24119.69501953125,23833.5359375,-0.0079151479856997,0.007445887734801354
2026-07-23,23869.599609375,23869.599609375,23990.75,23807.19921875,23904.80078125,344000,24112.09248046875,23843.3369140625,-0.0052779242850445884,0.007304522016636377
2026-07-24,23767.44921875,23767.44921875,23823.599609375,23606.30078125,23666.349609375,333900,24097.66494140625,23850.43390625,-0.004279518395644999,0.007345139212686484
2026-07-27,23995.94921875,23995.94921875,24011.599609375,23891.55078125,23928.400390625,319400,24100.14990234375,23856.5608984375,0.009613989195766948,0.007619257984167127
2026-07-28,23985.349609375,23985.349609375,24041.150390625,23954.599609375,23971.25,437800,24106.1298828125,23863.397890625,-0.0004417249460887396,0.00757665887828515
2026-07-29,24250.19921875,24250.19921875,24283.55078125,24136.75,24176.650390625,424200,24118.34736328125,23875.402890625,0.011042140877174367,0.007860532220687189
2026-07-30,24317.150390625,24317.150390625,24342.94921875,24187.099609375,24249.55078125,400600,24125.419921875,23889.3858984375,0.0027608503860552247,0.007729734600292251
2026-07-31,24383.599609375,24383.599609375,24429.400390625,24299.69921875,24361.44921875,411700,24131.057421875,23903.877890625,0.0027326071386892803,0.007704756088728886
2026-08-03,24774.30078125,24774.30078125,24774.30078125,24515.150390625,24572.69921875,342300,24148.25498046875,23926.269921875,0.01602311299947612,0.00837311770135782
2026-08-04,24614.900390625,24614.900390625,24703.900390625,24427.94921875,24703.900390625,296500,24159.0650390625,23944.1819140625,-0.006434102501316152,0.008516242473393715
2026-08-05,24624.650390625,24624.650390625,24677.599609375,24497.94921875,24669.19921875,355500,24196.19501953125,23956.0409375,0.00039610154196334513,0.0068286459410424275
2026-08-06,24636.0,24636.0,24677.05078125,24604.150390625,24641.0,344000,24229.85498046875,23970.486953125,0.0004609043862535689,0.0068187400697135095
2026-08-07,24570.650390625,24570.650390625,24630.400390625,24522.75,24538.900390625,254800,24248.04248046875,23983.756953125,-0.0026526063230638552,0.006547792537347683
2026-08-10,24583.80078125,24583.80078125,24620.94921875,24511.099609375,24581.25,269500,24266.68251953125,24004.47796875,0.0005352072662276885,0.00654654800600258
2026-08-11,24471.69921875,24471.69921875,24576.849609375,24429.25,24575.099609375,271800,24287.66494140625,24026.2599609375,-0.00455997685213505,0.006442592495104668
2026-08-12,24435.94921875,24435.94921875,24473.30078125,24265.94921875,24472.44921875,317600,24305.53740234375,24045.3079296875,-0.0014608711753293369,0.006463506553118684
2026-08-13,24395.849609375,24395.849609375,24431.599609375,24311.400390625,24431.599609375,295800,24321.6923828125,24065.1129296875,-0.0016410088683697088,0.006482451816864195
2026-08-14,24366.0,24366.0,24405.19921875,24296.80078125,24361.900390625,267700,24323.27734375,24084.1019140625,-0.001223552770366676,0.006031348511219855
